NVDA,5772.66
TSLA,4046.92
AMZN,7932.25
AMZN,2584.9
IBM,7821.17
GOOG,9278.15
NVDA,5047.45
AMZN,5642.65
IBM,4178.15
AMZN,2636.52
TSLA,7739.57
META,4572.61
GOOG,5555.88
NVDA,5174.55
NFLX,9102.66
IBM,8626.89
NVDA,8795.59
META,3851.12
AAPL,3594.43
AAPL,8709.05
TSLA,841.78
AMZN,8334.91
AMZN,4304.11
MSFT,632.95
NFLX,6155.96
AMZN,1349.88
AAPL,2451.17
GOOG,8931.45
AMZN,5389.33
NVDA,7774.1
META,442.19
AAPL,3492.17
MSFT,6233.9
AAPL,5530.85
TSLA,822.96
AMZN,4545.4
NVDA,763.49
AMZN,8799.76
NVDA,5212.8
IBM,1164.93
TSLA,4589.81
NFLX,9085.1
TSLA,6150.45
ORCL,8884.07
IBM,643.33
ORCL,314.95
IBM,3286.33
NFLX,4313.87
MSFT,3469.02
AAPL,2200.45
NFLX,3142.62
AAPL,7155.75
NFLX,1104.16
NVDA,158.46
NFLX,4655.49
META,8228.54
GOOG,4343.97
TSLA,6406.27
GOOG,2622.57
GOOG,7994.46
META,8330.12
NFLX,868.16
MSFT,6368.41
TSLA,7080.1
NVDA,173.07
ORCL,2304.06
TSLA,9657.36
TSLA,5938.76
TSLA,3498.41
MSFT,1058.6
AMZN,1476.23
TSLA,3935.38
AMZN,5095.93
IBM,2674.54
NVDA,3957.04
IBM,9458.91
NVDA,1791.63
IBM,6572.7
MSFT,7435.27
NVDA,994.97
MSFT,526.14
TSLA,698.52
META,5367.74
IBM,1552.21
GOOG,5677.05
META,2771.39
AAPL,9114.73
AMZN,4176.03
AMZN,9048.73
ORCL,4374.46
ORCL,2001.68
IBM,2867.21
GOOG,7796.28
NVDA,7192.71
MSFT,28.78
ORCL,4596.97
NFLX,2025.65
AMZN,5761.23
TSLA,5260.57
NVDA,9144.24
AMZN,7634.51
NFLX,8471.81
GOOG,4052.96
ORCL,8632.03
IBM,8290.58
NFLX,8313.39
GOOG,1249.6
TSLA,964.81
IBM,3759.28
NFLX,8487.26
IBM,2617.27
IBM,7164.69
META,2877.26
GOOG,2633.31
NVDA,470.33
NVDA,5178.22
TSLA,128.81
GOOG,4696.12
NFLX,2886.72
NVDA,2086.36
NVDA,7891.13
NVDA,3861.66
AAPL,8349.16
AAPL,4719.66
ORCL,997.14
MSFT,4436.74
IBM,4598.98
GOOG,5659.21
ORCL,9655.16
MSFT,2977.25
GOOG,402.96
AMZN,2788.85
NFLX,5958.55
NFLX,311.1
IBM,4390.26
ORCL,8315.32
TSLA,7358.8
TSLA,4420.94
MSFT,3131.71
AMZN,2848.57
GOOG,7206.6
AAPL,6352.48
ORCL,8124.64
IBM,428.76
TSLA,6993.17
GOOG,7577.69
IBM,8885.05
MSFT,2892.62
GOOG,2215.99
MSFT,5505.74
GOOG,2463.68
GOOG,5461.88
ORCL,7540.0
GOOG,6040.5
GOOG,7337.12
TSLA,9391.54
NVDA,4138.95
NVDA,342.89
IBM,4531.83
AMZN,6502.44
TSLA,1865.49
TSLA,8408.04
ORCL,8239.86
NFLX,5210.95
TSLA,7795.3
META,2154.8
IBM,387.98
AAPL,1504.14
NFLX,3325.75
NFLX,3576.33
TSLA,7977.9
GOOG,8586.3
MSFT,8791.99
TSLA,1208.26
ORCL,5156.2
META,7242.4
IBM,5063.83
AAPL,8256.63
AAPL,289.38
IBM,7987.69
TSLA,5859.31
AMZN,3029.03
TSLA,6066.3
ORCL,2611.25
TSLA,8853.75
ORCL,5573.68
ORCL,274.66
MSFT,7351.32
NFLX,2857.57
MSFT,5873.02
GOOG,5024.36
AAPL,8735.15
META,8164.77
NVDA,8459.01
ORCL,7467.82
MSFT,8050.91
ORCL,1263.62
TSLA,5778.75
GOOG,5534.04
GOOG,693.12
GOOG,2946.54
AMZN,1070.96
TSLA,727.91
META,3194.14
AMZN,1758.27
META,1017.32
IBM,5536.93
AAPL,7100.09
IBM,951.74
NFLX,5510.59
MSFT,85.01
GOOG,5963.54
ORCL,5164.54
TSLA,5966.77
GOOG,4078.94
TSLA,8388.59
AAPL,4063.35
NVDA,3638.27
ORCL,9531.31
ORCL,7324.5
IBM,9308.7
TSLA,3559.93
META,6968.43
META,285.46
AAPL,6522.16
IBM,9684.19
MSFT,1188.38
IBM,9985.54
MSFT,1730.64
NVDA,2733.98
AAPL,9074.15
AAPL,665.02
MSFT,7296.7
TSLA,8470.16
META,5846.9
MSFT,5807.5
META,8946.53
AMZN,9441.85
AMZN,538.99
MSFT,4303.86
NFLX,5774.68
GOOG,9715.58
IBM,2108.58
TSLA,2515.19
MSFT,1835.26
GOOG,3236.88
TSLA,1725.56
IBM,2773.33
AAPL,262.62
AAPL,4585.99
AMZN,8705.6
IBM,9414.96
TSLA,4666.39
NFLX,7822.64
META,7782.79
NVDA,8938.52
AMZN,7456.05
AAPL,1777.92
META,1125.03
AMZN,3276.3
NVDA,3040.88
TSLA,3976.11
NVDA,8691.82
AMZN,6456.47
MSFT,5918.23
ORCL,8879.08
ORCL,6903.75
ORCL,8276.87
ORCL,1481.43
NVDA,2765.65
META,7095.58
TSLA,6537.01
META,6396.31
ORCL,6956.13
AAPL,7123.11
NFLX,7878.13
NFLX,6958.98
TSLA,7757.24
GOOG,4956.53
AMZN,3209.2
NFLX,9868.92
IBM,9476.38
IBM,3118.84
AAPL,912.83
AAPL,7164.11
GOOG,5333.67
AMZN,2619.14
MSFT,6022.67
AMZN,7128.67
AMZN,9926.27
META,5791.13
IBM,2878.12
NFLX,2095.33
IBM,3687.77
TSLA,8128.81
MSFT,2496.18
NFLX,4337.9
ORCL,5699.08
AAPL,9009.92
NFLX,2515.17
GOOG,3870.65
IBM,5915.85
IBM,2879.14
NFLX,2901.63
AAPL,4768.8
IBM,4171.87
NVDA,9261.64
MSFT,1930.95
AMZN,4953.49
NFLX,709.95
MSFT,8299.12
META,9635.47
IBM,2360.54
AMZN,4396.24
NFLX,9784.52
IBM,9735.54
AMZN,863.52
NVDA,3297.57
TSLA,8431.24
META,2235.54
AAPL,3232.0
GOOG,464.05
AAPL,1928.31
AAPL,2551.67
AMZN,6617.67
NVDA,331.76
AMZN,4906.0
MSFT,7890.35
NFLX,9901.51
META,2691.76
IBM,9824.33
IBM,4090.62
GOOG,5553.88
MSFT,7271.32
TSLA,1244.86
AMZN,9086.44
AAPL,5692.07
IBM,8292.16
NVDA,4679.38
AMZN,1908.37
IBM,1767.51
META,8781.97
NFLX,7983.14
NVDA,4589.74
IBM,1194.18
NVDA,6936.39
TSLA,3529.04
AMZN,4180.28
ORCL,8237.87
ORCL,1901.14
TSLA,9104.48
IBM,7561.13
NFLX,2922.37
AMZN,9932.17
NVDA,7501.01
IBM,6655.44
GOOG,4575.26
NVDA,2099.69
AAPL,4988.14
MSFT,7451.07
IBM,9617.0
ORCL,6618.74
NFLX,300.07
AAPL,288.43
TSLA,4733.12
NVDA,2874.12
MSFT,9053.05
MSFT,1953.15
GOOG,4115.43
META,1709.87
GOOG,6703.34
TSLA,5372.33
NFLX,1288.47
NVDA,2747.32
MSFT,5772.47
NVDA,7051.61
MSFT,5899.18
GOOG,6594.6
MSFT,4808.79
MSFT,6203.08
ORCL,3494.6
NVDA,3688.5
AMZN,443.91
ORCL,5368.36
NFLX,4270.51
GOOG,5369.52
NFLX,7678.84
GOOG,7051.51
NVDA,5180.36
ORCL,6508.03
NFLX,2445.46
GOOG,4443.98
AMZN,1082.6
ORCL,4364.24
NVDA,1288.93
GOOG,1967.44
AAPL,6998.71
ORCL,1634.95
AAPL,6239.2
NVDA,2299.36
NFLX,5770.6
IBM,3899.09
AAPL,4090.36
ORCL,9244.79
IBM,1530.47
META,3197.23
META,965.5
ORCL,3181.47
IBM,7673.75
TSLA,4625.47
NVDA,7223.89
ORCL,84.75
IBM,1603.12
IBM,307.95
GOOG,5161.1
AAPL,799.93
ORCL,226.81
ORCL,4499.02
MSFT,621.66
NFLX,9798.74
AMZN,8074.05
IBM,5153.72
GOOG,6267.59
IBM,4445.31
TSLA,8772.93
NFLX,4037.44
NVDA,13.37
META,9660.26
NFLX,8314.53
TSLA,6583.45
GOOG,109.8
GOOG,6481.28
AAPL,4710.7
AMZN,599.78
IBM,4613.53
ORCL,7844.64
NVDA,9701.52
ORCL,6831.0
NFLX,6334.74
ORCL,5174.59
GOOG,3890.02
META,8760.42
IBM,4520.47
AMZN,567.11
MSFT,6992.25
ORCL,272.19
TSLA,1314.92
IBM,1890.77
MSFT,5185.42
NVDA,7547.09
AAPL,7178.59
ORCL,9735.19
IBM,1288.4
AMZN,3350.17
AAPL,1330.68
NVDA,3472.21
NFLX,2845.96
META,7993.76
META,8584.11
IBM,5999.22
GOOG,1460.76
GOOG,9435.04
ORCL,5269.56
GOOG,7477.63
META,6296.87
MSFT,4102.53
NVDA,4832.08
TSLA,6159.38
META,6372.47
AAPL,7764.68
NVDA,3695.34
GOOG,9356.07
NFLX,3595.66
NFLX,1324.28
TSLA,8796.37
META,8960.49
NFLX,7607.18
IBM,1460.11
TSLA,1310.58
MSFT,3204.31
AMZN,7267.66
TSLA,398.99
META,4330.5
NVDA,512.76
TSLA,2655.48
AAPL,2761.75
NVDA,1624.1
IBM,4075.73
META,5744.36
GOOG,9640.37
ORCL,1176.14
TSLA,2362.8
MSFT,7949.56
AAPL,9241.75
TSLA,3713.76
IBM,8029.96
NFLX,3093.67
AMZN,9080.92
ORCL,8452.85
NFLX,2332.98
AAPL,4316.64
AMZN,4591.37
AMZN,5675.47
IBM,6202.85
IBM,5556.89
TSLA,5025.73
IBM,8662.54
META,9836.88
TSLA,4194.21
IBM,9733.32
IBM,3858.85
MSFT,7911.26
NFLX,9248.29
ORCL,4915.73
NVDA,1211.99
AAPL,1994.84
IBM,8298.19
ORCL,616.56
AMZN,8099.14
NVDA,8337.55
GOOG,1645.08
TSLA,2038.1
IBM,4622.86
ORCL,4346.9
AAPL,459.38
AAPL,9115.51
IBM,1911.97
MSFT,4889.78
GOOG,7680.49
MSFT,1523.39
NVDA,2711.87
NVDA,4654.54
IBM,3927.07
NVDA,6206.68
AMZN,6824.97
NFLX,8183.83
AMZN,5879.0
META,4060.52
ORCL,5779.09
AMZN,2995.55
IBM,59.97
AAPL,3966.23
NVDA,9420.28
AAPL,4066.08
IBM,5786.95
AMZN,2924.69
MSFT,1199.0
MSFT,7806.58
NVDA,9691.6
META,8650.76
TSLA,6076.96
META,3062.09
NVDA,2566.05
NFLX,5453.53
TSLA,5802.65
MSFT,4560.35
NVDA,2436.62
MSFT,606.64
ORCL,1976.81
META,929.56
GOOG,8430.29
MSFT,3693.3
IBM,5905.21
ORCL,4829.57
ORCL,1065.54
AMZN,5707.96
ORCL,4719.93
NVDA,6939.75
AAPL,9183.34
MSFT,187.29
GOOG,8052.01
NVDA,665.56
GOOG,1234.65
GOOG,5483.04
META,5228.32
IBM,6755.52
NFLX,1862.34
NVDA,1887.11
META,5091.71
TSLA,6739.1
TSLA,4985.03
NVDA,6208.14
NVDA,422.49
META,5433.45
META,3114.56
AMZN,603.52
NFLX,724.72
IBM,6296.29
TSLA,9257.06
NVDA,4255.15
TSLA,2700.21
ORCL,4687.29
TSLA,8691.02
GOOG,4607.8
AMZN,2138.09
GOOG,4265.24
TSLA,7650.4
ORCL,8216.57
GOOG,8557.49
TSLA,3626.96
TSLA,3949.81
GOOG,3407.8
ORCL,6956.92
ORCL,8551.56
NVDA,3223.79
NVDA,9318.24
ORCL,2646.06
AAPL,2658.84
IBM,3615.58
ORCL,7036.0
GOOG,8032.29
ORCL,2089.04
GOOG,6239.31
GOOG,7584.38
NFLX,6549.97
MSFT,5274.66
NFLX,3778.26
AMZN,4691.71
AAPL,6324.44
AAPL,4476.16
GOOG,722.35
NFLX,629.78
META,527.6
NFLX,4767.42
ORCL,6275.39
AMZN,6801.23
IBM,1021.31
AMZN,4611.23
ORCL,6034.1
NVDA,2297.99
GOOG,4664.48
TSLA,5020.43
MSFT,6558.23
AMZN,744.09
AAPL,9843.32
MSFT,4517.51
MSFT,2954.63
TSLA,8509.53
ORCL,1337.9
META,4125.57
MSFT,961.58
AAPL,3513.33
TSLA,8634.51
AMZN,1699.9
NFLX,1891.24
NFLX,1147.74
META,4796.87
AMZN,1142.42
NFLX,6195.05
TSLA,4023.64
MSFT,1051.53
NFLX,349.61
IBM,6075.85
AAPL,9853.48
IBM,5735.39
GOOG,6127.69
AMZN,2076.72
META,964.82
IBM,9584.02
TSLA,9130.8
ORCL,3703.56
NFLX,5663.57
NFLX,6559.21
NFLX,9761.42
NVDA,4260.07
IBM,1567.61
TSLA,5694.26
TSLA,7302.92
META,3209.82
ORCL,5650.53
NFLX,6547.88
NVDA,5545.99
AAPL,6592.29
GOOG,9324.52
ORCL,3010.13
AAPL,5101.68
TSLA,1384.18
META,5016.8
TSLA,5123.61
NFLX,8259.07
ORCL,1024.37
META,6662.07
NFLX,8573.67
IBM,6000.04
META,9825.18
NVDA,480.31
MSFT,503.4
META,3509.54
AMZN,6819.56
AMZN,9587.23
META,7212.44
IBM,9007.98
TSLA,9352.27
AMZN,5541.44
NVDA,8956.66
AAPL,4245.17
IBM,7488.27
IBM,3064.9
IBM,8611.8
AAPL,7740.11
AAPL,1255.02
MSFT,6790.03
NFLX,4098.58
AMZN,9204.6
META,9478.23
MSFT,6028.57
AAPL,4064.41
MSFT,3924.82
IBM,395.01
MSFT,6338.94
ORCL,3472.86
MSFT,6168.91
ORCL,3787.91
META,1372.38
NFLX,3200.42
MSFT,8981.37
META,784.9
ORCL,3728.77
META,960.6
TSLA,1827.83
TSLA,6236.72
AMZN,9106.28
TSLA,4450.32
IBM,5352.81
AAPL,9170.12
META,5451.07
META,4521.74
AMZN,4224.52
NFLX,8379.52
GOOG,2436.95
GOOG,624.05
AAPL,800.9
AAPL,6070.75
AAPL,3379.37
MSFT,6110.11
AAPL,882.6
GOOG,5888.99
GOOG,2415.76
NFLX,5689.85
AMZN,2573.61
NVDA,179.17
ORCL,9322.09
NVDA,8629.24
ORCL,1635.93
ORCL,3234.81
AAPL,5625.53
IBM,1696.05
IBM,4906.68
AMZN,2871.69
IBM,2685.62
GOOG,9772.02
AMZN,890.42
AMZN,4204.97
TSLA,3047.14
AAPL,1250.16
GOOG,5903.3
ORCL,6376.1
GOOG,9867.61
GOOG,3675.74
NFLX,4924.84
NVDA,5549.23
ORCL,9021.44
AAPL,1743.92
NFLX,1575.0
AMZN,7525.91
AAPL,8338.78
NVDA,1360.68
GOOG,8478.47
MSFT,3761.5
AMZN,9522.89
AAPL,9017.13
IBM,5771.34
ORCL,595.42
NVDA,9682.25
TSLA,1396.77
MSFT,3956.07
ORCL,4230.7
ORCL,3649.86
GOOG,7061.76
IBM,2021.9
IBM,5559.59
TSLA,7640.27
NVDA,2281.46
TSLA,651.99
NVDA,9983.16
GOOG,3729.15
AMZN,6832.52
IBM,923.7
ORCL,6529.35
TSLA,4400.36
AAPL,3576.52
IBM,9167.3
META,8926.01
AAPL,5018.78
TSLA,8168.56
ORCL,7112.98
IBM,7712.59
MSFT,1307.28
AAPL,97.58
AAPL,341.16
AMZN,6682.72
TSLA,3757.89
AAPL,734.96
ORCL,2889.37
AAPL,7845.94
NFLX,1261.63
NVDA,48.12
MSFT,7586.54
TSLA,6697.72
AMZN,514.75
MSFT,8870.19
NFLX,9375.57
NVDA,3752.31
AMZN,8717.09
TSLA,9298.59
AAPL,1962.49
NVDA,2672.56
AAPL,6614.33
AMZN,8596.65
META,7390.92
IBM,9869.48
MSFT,6426.02
META,3300.83
AAPL,2184.92
AAPL,4646.05
META,550.37
META,824.72
MSFT,3942.23
GOOG,5358.7
AAPL,8177.31
TSLA,5754.73
TSLA,6775.61
AAPL,45.82
META,8209.02
META,2311.1
AAPL,4013.92
GOOG,8535.18
IBM,9366.22
NVDA,717.95
GOOG,469.19
AAPL,6899.63
GOOG,2146.25
META,8291.44
ORCL,3874.93
META,9903.9
IBM,6531.62
ORCL,6691.02
GOOG,9561.48
AMZN,6312.75
MSFT,9132.35
AAPL,3258.41
GOOG,7231.01
IBM,6371.21
GOOG,4941.71
ORCL,3581.14
GOOG,4916.37
ORCL,5192.0
NVDA,6587.57
GOOG,1955.84
IBM,8041.97
NFLX,4519.27
MSFT,8115.26
NFLX,4056.52
NFLX,1450.78
GOOG,2658.16
TSLA,2268.12
MSFT,5777.28
NFLX,6031.93
MSFT,2099.67
AMZN,6912.67
MSFT,2448.57
IBM,8988.47
GOOG,2218.27
ORCL,245.44
AAPL,9348.32
TSLA,6082.57
AMZN,5008.4
IBM,9324.26
NVDA,8553.0
ORCL,1956.38
META,1696.69
MSFT,9661.13
NFLX,1579.32
TSLA,431.67
AAPL,8415.94
META,7868.07
TSLA,4983.13
TSLA,4981.56
NFLX,647.64
AAPL,8659.62
NFLX,4782.94
META,5243.24
MSFT,9791.25
IBM,8604.45
ORCL,2717.93
IBM,751.35
ORCL,3227.77
AAPL,3888.75
MSFT,1489.53
AMZN,9517.42
ORCL,6474.41
MSFT,2821.35
ORCL,6699.34
AAPL,5175.57
AAPL,8067.22
ORCL,2988.89
AAPL,8797.01
META,3017.67
IBM,2194.53
NFLX,1794.46
TSLA,7078.9
MSFT,3022.57
NVDA,651.55
ORCL,2926.47
IBM,3565.1
TSLA,515.66
TSLA,6060.99
MSFT,9642.99
GOOG,7263.69
MSFT,9312.34
MSFT,8767.76
AAPL,481.59
AMZN,7210.64
GOOG,9589.09
NFLX,9329.27
AMZN,1230.49
TSLA,6460.4
ORCL,52.2
NVDA,6922.13
GOOG,4203.22
NVDA,5799.24
IBM,6677.6
GOOG,9687.31
NVDA,6890.56
ORCL,3809.48
ORCL,9286.7
MSFT,2612.96
ORCL,3962.66
GOOG,6049.19
AAPL,7230.39
ORCL,8204.77
MSFT,709.94
TSLA,8022.86
META,819.33
IBM,2741.3
IBM,9126.43
GOOG,2655.84
AAPL,4214.11
GOOG,5156.63
META,2638.44
META,2461.25
NVDA,7818.0
TSLA,6216.52
GOOG,8215.2
IBM,371.61
NVDA,3566.11
MSFT,1277.49
AMZN,9660.12
AMZN,2243.95
MSFT,6317.03
TSLA,585.63
AMZN,1663.33
AMZN,2163.98
TSLA,3716.08
GOOG,6971.69
AAPL,3106.97
NVDA,3745.4
IBM,2066.97
AMZN,7305.17
MSFT,7537.41
GOOG,1161.79
AMZN,1379.81
META,7568.75
AAPL,8655.11
NFLX,7250.62
AMZN,1352.63
NFLX,5170.29
AAPL,5105.44
NVDA,5723.63
META,6311.67
NFLX,1668.53
AAPL,8722.84
AAPL,8711.26
META,3725.11
IBM,5610.68
GOOG,7549.88
TSLA,4616.11
AMZN,1197.77
ORCL,5117.1
NVDA,6737.6
IBM,4225.06
TSLA,5895.95
AAPL,3285.71
IBM,2205.45
MSFT,227.25
GOOG,8876.29
NVDA,2511.03
NFLX,4541.47
TSLA,8026.17
GOOG,5322.33
AMZN,6772.96
IBM,4617.26
MSFT,7808.9
IBM,2548.29
MSFT,4513.2
NVDA,9640.96
IBM,2537.33
AAPL,278.91
META,2672.03
NFLX,9710.59
NVDA,7004.84
IBM,9133.1
AAPL,9084.81
AMZN,1029.08
IBM,7725.34
AMZN,3021.98
IBM,7971.55
META,5183.25
MSFT,9112.12
AMZN,5883.86
AAPL,9589.94
AMZN,4574.01
ORCL,4423.88
IBM,7984.7
IBM,5758.22
META,7443.17
META,4044.49
AMZN,4334.94
AAPL,2622.56
MSFT,5307.96
AAPL,5129.64
MSFT,7103.5
NFLX,746.15
AAPL,7957.15
GOOG,2684.37
AAPL,7693.91
TSLA,3723.01
AAPL,3909.8
TSLA,1173.01
IBM,8020.49
GOOG,5185.94
META,701.53
GOOG,553.93
AMZN,1760.42
GOOG,821.28
NVDA,189.5
GOOG,5369.88
NVDA,34.75
NVDA,6104.95
AMZN,178.25
AMZN,5258.85
ORCL,3093.0
TSLA,5879.98
AMZN,3063.56
GOOG,6902.96
META,4510.4
AMZN,7896.31
MSFT,6713.84
NVDA,457.2
NVDA,7434.05
NVDA,8938.4
MSFT,9680.12
META,777.78
GOOG,8037.95
GOOG,9374.1
AAPL,6626.98
AAPL,3180.34
MSFT,5681.65
ORCL,8069.33
MSFT,7136.83
AAPL,2457.82
AAPL,815.28
META,5286.97
IBM,4066.33
AMZN,3739.22
META,9134.12
NVDA,7749.85
ORCL,5805.4
GOOG,1531.24
GOOG,56.77
META,2691.65
NFLX,7156.69
NFLX,1482.49
ORCL,7066.81
GOOG,6655.24
META,7817.29
META,6003.33
IBM,6838.12
NFLX,2292.88
GOOG,2659.57
AMZN,4481.85
GOOG,232.89
NFLX,1115.22
ORCL,9195.05
TSLA,3444.45
MSFT,3672.76
GOOG,4237.41
GOOG,1088.48
IBM,6592.89
NVDA,8543.66
AMZN,5849.03
AMZN,6012.75
META,334.12
IBM,3052.51
ORCL,1798.79
NVDA,8004.18
IBM,9663.26
AAPL,7690.91
TSLA,30.95
MSFT,4132.89
AMZN,6854.07
ORCL,1307.45
GOOG,7549.21
NVDA,7901.21
AAPL,2003.66
AAPL,4483.26
TSLA,8382.9
NVDA,7822.45
AAPL,6175.91
IBM,2570.84
NFLX,5085.7
META,9998.85
ORCL,2759.34
TSLA,1753.72
NFLX,4449.98
NFLX,8321.76
NFLX,9214.14
TSLA,7630.57
TSLA,3523.11
MSFT,6831.93
TSLA,3547.43
AMZN,7525.73
ORCL,9928.09
AAPL,1148.47
AMZN,1941.47
IBM,2355.01
ORCL,8664.22
NFLX,1823.97
NFLX,1509.42
META,6054.98
IBM,9935.13
MSFT,4336.88
TSLA,4428.49
AAPL,2568.91
AAPL,9620.5
TSLA,3091.69
NVDA,8618.39
MSFT,3651.38
MSFT,5652.31
AMZN,5336.0
MSFT,3961.1
IBM,6239.13
MSFT,7940.4
AMZN,4909.65
GOOG,7851.18
AMZN,412.64
AAPL,9799.14
NFLX,3916.83
IBM,3518.14
AMZN,1058.39
AMZN,9750.61
IBM,3660.93
NFLX,8997.28
GOOG,725.46
TSLA,7645.29
META,5677.06
TSLA,8977.16
TSLA,8402.64
GOOG,6479.84
META,2130.17
GOOG,391.9
GOOG,7048.26
IBM,7258.12
META,3626.75
GOOG,7302.05
AMZN,1913.08
AAPL,7491.44
IBM,3476.75
IBM,4350.1
AAPL,478.01
TSLA,3390.46
NFLX,1068.08
IBM,2280.88
IBM,4394.79
AMZN,4820.18
META,933.88
NFLX,6693.92
MSFT,1408.84
TSLA,3612.02
META,4065.29
NFLX,8299.7
MSFT,3066.65
ORCL,3204.93
AAPL,6645.01
MSFT,5103.41
AMZN,792.37
META,2274.89
TSLA,162.28
GOOG,3721.05
NFLX,130.66
NVDA,75.94
NFLX,8735.7
TSLA,626.34
TSLA,9143.27
AAPL,4125.18
NFLX,2209.7
GOOG,6031.3
NVDA,2704.93
IBM,8753.65
ORCL,4822.13
IBM,2616.15
GOOG,6037.0
META,6651.46
IBM,3181.89
NVDA,2812.24
TSLA,9521.37
IBM,4777.76
TSLA,9960.85
AMZN,7321.0
NFLX,8136.67
NVDA,2567.94
META,1151.65
AMZN,541.8
MSFT,8345.75
AAPL,5883.44
GOOG,273.9
GOOG,5138.89
ORCL,1139.77
NFLX,6814.24
META,2171.92
META,5977.22
NVDA,459.68
NVDA,310.36
META,5590.64
ORCL,6525.99
TSLA,5331.95
TSLA,7027.86
ORCL,4493.36
AAPL,3503.87
GOOG,6386.34
GOOG,1942.34
META,5538.58
NVDA,905.31
AMZN,3419.23
NFLX,8014.89
AAPL,6653.29
MSFT,465.96
GOOG,8566.94
NFLX,8214.45
NFLX,823.9
TSLA,6076.68
META,1425.45
META,9697.08
MSFT,2782.85
GOOG,1046.22
NFLX,4225.29
TSLA,3373.94
NVDA,5106.6
GOOG,6209.16
NVDA,1120.89
NFLX,8686.22
AMZN,2138.92
TSLA,6622.28
META,9509.22
IBM,222.21
IBM,3927.75
IBM,9802.33
IBM,8728.95
AAPL,5250.59
ORCL,9300.69
IBM,1450.57
TSLA,2823.07
GOOG,8562.84
NFLX,8774.33
MSFT,6539.4
GOOG,6945.51
GOOG,3859.17
MSFT,4626.37
IBM,9279.95
AAPL,736.12
GOOG,1663.3
GOOG,6966.15
ORCL,4329.82
TSLA,4732.22
ORCL,4702.29
ORCL,6997.48
AAPL,2417.18
AAPL,2012.1
NFLX,5705.23
AAPL,6163.44
AAPL,8140.32
IBM,6756.14
NFLX,7412.51
MSFT,2647.27
META,5732.92
AMZN,3316.93
TSLA,8732.15
META,9716.85
AAPL,2245.64
MSFT,5395.65
IBM,1695.45
TSLA,1082.73
GOOG,4136.87
AAPL,9356.96
TSLA,1487.48
META,7126.04
NVDA,5444.99
ORCL,3957.26
ORCL,693.85
NFLX,5443.61
NVDA,9970.23
MSFT,2666.91
GOOG,7719.04
META,7509.34
IBM,5374.56
META,6321.31
AMZN,6178.12
AAPL,377.46
AAPL,9481.51
GOOG,50.79
META,4899.34
NVDA,9496.31
ORCL,7774.77
META,8253.34
NVDA,2575.6
NVDA,2973.89
NFLX,4635.91
META,965.38
NVDA,8865.02
NFLX,501.77
META,1952.58
ORCL,2086.78
AMZN,4343.08
AMZN,6494.98
TSLA,943.65
NVDA,4218.32
NFLX,4498.57
AAPL,8814.31
ORCL,3108.13
MSFT,811.89
ORCL,1969.4
AAPL,1580.72
META,9091.87
NVDA,7287.78
MSFT,8417.55
GOOG,626.49
ORCL,3018.15
GOOG,1251.16
AMZN,3693.2
IBM,7953.56
IBM,9225.3
AMZN,9181.08
TSLA,2375.83
TSLA,5362.12
TSLA,9352.04
GOOG,4006.89
MSFT,3071.21
ORCL,133.01
AMZN,2841.45
ORCL,5151.5
TSLA,3384.23
AAPL,7901.81
META,8640.6
TSLA,5071.66
NVDA,9481.18
ORCL,4859.76
GOOG,7553.24
MSFT,3710.44
TSLA,4222.01
META,8767.22
AMZN,954.12
AAPL,684.61
MSFT,8754.74
GOOG,7604.59
AAPL,7917.0
IBM,1770.45
IBM,7494.76
MSFT,514.51
NFLX,8369.22
GOOG,9976.3
META,9883.73
AAPL,9936.81
AAPL,7633.65
ORCL,5828.24
GOOG,8064.33
AAPL,7852.73
AMZN,6767.46
IBM,4906.37
MSFT,1032.38
IBM,7459.01
TSLA,7296.67
MSFT,8640.48
TSLA,4687.19
NFLX,1940.96
IBM,5605.74
ORCL,9078.63
AAPL,9735.0
TSLA,5319.7
META,1007.39
MSFT,7432.03
NVDA,4028.69
MSFT,7156.32
AAPL,5675.78
GOOG,6250.23
META,8777.2
IBM,8658.47
ORCL,8518.08
AAPL,2194.31
MSFT,2436.72
TSLA,5034.23
NVDA,1218.45
MSFT,3595.25
IBM,2534.46
ORCL,4300.85
GOOG,147.07
AAPL,507.5
GOOG,6423.34
IBM,8707.7
AAPL,4506.15
GOOG,7951.87
AMZN,7769.83
GOOG,6670.67
NVDA,8555.14
MSFT,2457.33
META,1115.29
AMZN,7989.76
MSFT,815.57
META,6630.8
GOOG,7120.99
MSFT,3864.9
IBM,6330.93
AMZN,579.14
MSFT,5079.69
NFLX,1518.3
AMZN,297.99
ORCL,4904.01
TSLA,9420.82
AAPL,9353.43
IBM,4644.85
MSFT,3189.64
MSFT,5099.87
NVDA,9976.39
NVDA,8994.42
AAPL,5733.92
MSFT,3148.93
NFLX,1587.65
MSFT,6168.87
NVDA,3366.42
TSLA,1142.32
TSLA,1864.09
GOOG,7216.0
NFLX,5662.39
GOOG,4585.51
META,2817.02
MSFT,1991.26
META,8868.89
NVDA,5054.55
MSFT,7119.97
IBM,1496.01
AMZN,724.69
GOOG,9721.7
TSLA,4762.62
ORCL,6841.37
AMZN,5202.12
NVDA,4290.73
AMZN,1756.32
AMZN,9456.8
ORCL,6476.82
TSLA,9588.39
AAPL,2614.37
GOOG,3983.22
NVDA,4923.99
AAPL,6828.67
NFLX,7383.49
IBM,8764.74
NVDA,3679.31
IBM,5553.06
AMZN,7173.15
TSLA,4263.84
NVDA,5990.79
MSFT,5688.27
ORCL,8153.59
NVDA,8286.4
AAPL,9005.75
IBM,2796.06
NFLX,5695.55
META,5293.69
IBM,2049.84
META,1981.45
AMZN,1174.83
AMZN,1081.49
GOOG,1851.28
NVDA,9495.96
NFLX,3988.28
IBM,5446.38
META,4607.13
NFLX,815.4
TSLA,7179.17
ORCL,1322.83
META,7314.06
NVDA,7787.1
META,6433.53
GOOG,3212.44
MSFT,8834.75
NFLX,2854.5
MSFT,1181.13
AMZN,2655.62
META,3179.18
TSLA,362.0
META,6943.62
NVDA,4872.3
NFLX,515.84
NFLX,3815.76
TSLA,1009.9
NVDA,4209.56
MSFT,6091.96
MSFT,7902.36
AAPL,5419.85
NFLX,2268.39
TSLA,232.84
NFLX,2886.63
TSLA,5593.5
MSFT,6456.46
MSFT,860.08
META,1588.39
NVDA,656.49
MSFT,802.2
META,3750.61
NFLX,5281.6
META,527.36
NVDA,4364.64
META,3320.53
ORCL,9211.86
IBM,3049.75
AAPL,7095.87
GOOG,1079.07
GOOG,2052.74
META,8482.5
GOOG,7779.89
ORCL,3483.8
AMZN,4407.01
GOOG,9574.68
AMZN,9627.77
GOOG,1770.78
MSFT,1317.41
MSFT,9771.72
ORCL,746.92
ORCL,9160.36
AMZN,1753.02
NFLX,5713.87
AMZN,2730.6
TSLA,4966.07
NVDA,4195.29
AMZN,8251.47
NVDA,4731.59
META,1424.76
GOOG,8516.55
META,473.78
META,4057.22
TSLA,2366.19
AAPL,5850.67
NVDA,1545.54
ORCL,9946.8
NVDA,9552.24
AMZN,8860.87
NVDA,2261.78
TSLA,8108.74
META,3588.96
IBM,3081.94
AAPL,5232.98
MSFT,3587.29
IBM,486.52
TSLA,1151.53
META,2629.29
NFLX,5726.79
AAPL,439.51
META,8359.67
IBM,5859.56
META,5133.49
NVDA,3523.53
NVDA,2624.66
NVDA,9216.17
AMZN,9471.88
NVDA,6231.5
TSLA,4095.2
AMZN,6255.98
IBM,5144.27
NFLX,5832.74
TSLA,5221.12
NVDA,9586.11
TSLA,1966.47
AMZN,1403.1
IBM,2454.06
MSFT,3280.43
AAPL,7012.69
NVDA,1967.05
AMZN,2329.51
GOOG,1701.29
MSFT,6805.24
TSLA,7934.28
AAPL,6981.85
AMZN,3574.55
IBM,8007.19
GOOG,4981.94
AAPL,8830.54
IBM,8635.08
NVDA,1362.06
TSLA,3204.37
AAPL,9861.51
TSLA,5150.17
AMZN,7782.04
AAPL,7955.58
ORCL,9495.46
IBM,6591.86
NVDA,8487.57
TSLA,7540.67
TSLA,9132.56
NVDA,6211.57
META,211.81
GOOG,2096.05
MSFT,1676.25
GOOG,7127.4
IBM,467.36
MSFT,7620.63
GOOG,6854.85
IBM,6006.56
NVDA,4450.6
AMZN,2840.44
AAPL,8141.32
IBM,2989.74
AAPL,117.72
IBM,3301.08
NVDA,3066.53
TSLA,7105.75
NVDA,4920.92
AAPL,8456.77
META,3751.58
MSFT,9507.11
MSFT,3008.84
NFLX,998.21
META,8057.49
AAPL,6289.92
AMZN,3817.95
NFLX,6484.37
NVDA,2920.85
NFLX,1535.31
GOOG,9890.8
ORCL,319.8
NFLX,8259.92
NVDA,8924.37
NVDA,5402.43
ORCL,1343.23
NFLX,9531.23
GOOG,5126.01
ORCL,6583.92
NVDA,6723.93
GOOG,4847.04
IBM,8283.87
TSLA,8731.2
AAPL,6291.45
GOOG,5062.76
MSFT,7463.82
META,4139.02
META,3120.56
GOOG,57.82
IBM,8338.7
ORCL,4779.94
META,1931.5
META,4662.35
ORCL,7522.94
IBM,282.12
META,9055.65
MSFT,2596.18
AMZN,3713.25
META,7694.54
TSLA,2409.56
TSLA,3739.34
NFLX,9397.68
TSLA,4052.71
NVDA,6312.72
IBM,4196.51
GOOG,5286.13
MSFT,7865.6
META,5844.22
AAPL,2862.42
AAPL,4863.52
IBM,5889.3
IBM,9123.44
GOOG,8041.08
MSFT,9707.32
NFLX,2375.46
NVDA,4632.51
NVDA,2896.0
AMZN,3283.7
TSLA,1421.12
AAPL,7118.95
AAPL,3436.36
IBM,5059.96
AMZN,308.97
META,8598.15
AMZN,9375.88
IBM,6523.03
ORCL,1697.49
META,4826.79
ORCL,873.17
NFLX,4960.4
NFLX,9005.88
AAPL,1424.63
TSLA,1876.54
NFLX,4947.19
NVDA,1769.57
GOOG,6533.84
NFLX,9555.84
IBM,6217.56
TSLA,5248.28
MSFT,8950.51
NVDA,4599.48
ORCL,326.96
ORCL,5725.45
IBM,8925.78
NVDA,8295.16
ORCL,9222.36
AMZN,5370.1
GOOG,8764.96
NVDA,8972.98
META,9972.64
GOOG,5020.52
NVDA,9466.21
GOOG,4371.92
ORCL,9743.33
NFLX,3632.43
ORCL,4832.4
IBM,135.33
ORCL,8323.14
AAPL,8341.19
META,3649.35
GOOG,7572.86
TSLA,8098.21
NVDA,517.54
GOOG,3197.58
NFLX,5606.95
META,3840.89
AAPL,9160.01
META,7116.18
IBM,66.95
ORCL,5881.22
GOOG,3159.59
IBM,2746.68
ORCL,5409.66
TSLA,6915.65
AAPL,6897.76
ORCL,3301.25
ORCL,8119.19
AAPL,4533.24
NVDA,9857.7
IBM,637.5
IBM,3284.28
MSFT,3619.48
TSLA,6398.74
NFLX,9754.72
NFLX,1667.28
NFLX,4797.42
TSLA,7417.29
META,3047.7
META,4353.98
MSFT,7688.26
MSFT,3159.72
IBM,9766.07
GOOG,836.57
TSLA,4881.62
NFLX,6286.37
ORCL,9811.06
MSFT,1780.49
TSLA,9189.47
AAPL,8237.0
MSFT,5364.17
MSFT,7877.83
ORCL,8719.22
IBM,6794.29
META,6887.54
NVDA,5256.63
NVDA,9500.22
AAPL,6201.0
META,4287.76
AMZN,2047.93
MSFT,9400.97
NVDA,3179.4
MSFT,1158.28
MSFT,5855.33
NVDA,1466.21
AMZN,8077.59
AAPL,5666.53
GOOG,2965.03
IBM,6774.07
NFLX,113.47
NVDA,2080.67
TSLA,4349.81
GOOG,7572.94
MSFT,9084.85
META,4330.89
GOOG,257.82
AMZN,7330.38
MSFT,5138.81
NFLX,8835.73
IBM,4070.17
GOOG,8293.59
MSFT,6590.53
NFLX,8505.97
AMZN,2437.24
NFLX,5061.23
TSLA,3211.17
AMZN,4259.72
AMZN,3221.78
TSLA,5175.0
ORCL,8372.98
AMZN,7174.06
ORCL,8835.59
GOOG,5432.29
ORCL,5668.74
ORCL,2967.42
AMZN,1143.94
META,1917.61
IBM,3693.7
MSFT,9512.24
IBM,6575.38
NFLX,6881.66
IBM,4238.44
ORCL,4258.17
MSFT,4332.94
ORCL,6465.49
NVDA,6382.81
TSLA,6030.48
TSLA,1990.44
GOOG,9945.14
AMZN,3096.56
AAPL,6045.07
META,4648.07
NVDA,1229.22
MSFT,3165.12
ORCL,1384.06
IBM,8471.65
AMZN,3812.55
AAPL,3570.14
AMZN,2529.48
MSFT,9429.39
NVDA,8843.92
NVDA,6410.53
ORCL,6521.54
AAPL,4583.95
NFLX,6815.41
TSLA,4753.93
MSFT,514.25
NFLX,5791.79
META,1972.12
IBM,5178.7
NFLX,6241.56
ORCL,6501.16
NFLX,8684.56
IBM,1927.75
GOOG,8795.55
NFLX,2567.15
NVDA,1429.35
AAPL,4953.88
GOOG,9443.36
AMZN,3467.27
TSLA,7573.63
MSFT,4483.69
AMZN,4501.19
AAPL,5941.4
TSLA,3403.46
AAPL,7772.48
AAPL,5969.73
AMZN,2274.77
META,2949.99
MSFT,3531.59
GOOG,525.21
MSFT,4159.44
GOOG,2970.06
META,3144.04
ORCL,2650.62
AMZN,5923.12
AMZN,510.46
NFLX,4582.41
AMZN,3403.27
META,5132.04
NVDA,5609.46
META,16.41
IBM,5192.59
IBM,9159.85
META,6858.67
IBM,5126.59
NFLX,6028.39
GOOG,7634.64
ORCL,9394.48
NFLX,5185.46
ORCL,3701.11
NFLX,1529.07
TSLA,7366.99
GOOG,3616.52
NFLX,9271.27
AMZN,4770.55
TSLA,9298.62
NFLX,5961.21
IBM,1964.06
IBM,5654.52
GOOG,4216.72
MSFT,8497.72
MSFT,6723.31
META,2159.36
NFLX,6014.18
MSFT,7773.72
META,9988.24
NFLX,1665.93
AMZN,1694.83
GOOG,3275.42
AMZN,8508.9
ORCL,6684.45
IBM,7903.13
AAPL,1108.85
NVDA,8554.84
AAPL,5244.84
NFLX,8454.32
TSLA,1994.1
AMZN,2991.28
NVDA,6681.03
NVDA,8718.35
ORCL,5601.76
ORCL,5329.91
AAPL,4511.55
AMZN,8879.66
ORCL,4255.71
ORCL,9187.05
MSFT,4194.35
AMZN,8304.67
IBM,1484.6
MSFT,3932.33
GOOG,6186.4
ORCL,4205.62
TSLA,983.76
GOOG,3060.04
AAPL,1634.96
META,531.41
GOOG,772.7
AMZN,2740.67
AAPL,8842.91
ORCL,4135.72
AAPL,4722.31
TSLA,7060.58
NVDA,2456.06
AMZN,8740.55
ORCL,9881.0
NFLX,4830.07
IBM,4308.54
ORCL,306.85
NFLX,8165.23
IBM,5934.68
NVDA,2259.06
NVDA,8240.91
AAPL,3548.4
GOOG,9850.84
MSFT,8724.38
NFLX,831.59
AMZN,8077.55
TSLA,213.81
ORCL,8691.98
NVDA,6900.52
AAPL,6359.46
TSLA,4359.31
MSFT,7169.81
TSLA,4855.56
TSLA,7880.86
META,7370.09
TSLA,9283.21
META,5110.97
NVDA,5924.89
ORCL,9293.1
TSLA,83.11
AAPL,7401.03
NVDA,6829.15
AAPL,3985.18
GOOG,7140.67
NVDA,7503.51
TSLA,2475.9
GOOG,749.73
IBM,6072.93
GOOG,5121.73
ORCL,3118.67
NFLX,9545.44
AMZN,852.66
NVDA,7727.9
ORCL,7175.4
GOOG,7824.58
GOOG,8905.47
AAPL,9516.09
MSFT,7538.87
NFLX,9595.93
NVDA,2833.71
AAPL,6972.08
AMZN,1346.33
ORCL,6125.6
META,6094.16
MSFT,9940.04
AMZN,6967.99
MSFT,4769.62
IBM,191.51
NFLX,2764.32
ORCL,5032.96
MSFT,2254.71
IBM,8157.13
AMZN,4399.74
AAPL,6763.55
GOOG,2904.59
AMZN,4568.82
ORCL,1509.74
NFLX,4635.43
META,2518.13
AMZN,1499.63
GOOG,7433.06
GOOG,4952.82
AMZN,4825.56
AAPL,8473.98
GOOG,3264.2
AMZN,3795.21
META,7538.82
AMZN,2315.92
MSFT,6870.56
META,9591.22
AMZN,8176.58
ORCL,2720.17
NVDA,9917.02
IBM,3901.23
AAPL,2101.54
AMZN,1900.13
AMZN,3194.48
IBM,6569.3
MSFT,9280.35
MSFT,4717.13
NFLX,6798.8
AAPL,3751.06
GOOG,7018.64
NVDA,2437.26
IBM,6034.06
AAPL,1428.78
AMZN,1200.52
NVDA,9545.3
NVDA,3480.17
META,7376.16
META,1036.85
NFLX,4600.57
NFLX,8818.64
META,1664.59
NFLX,5780.75
GOOG,8806.55
NVDA,2556.43
NFLX,1294.44
NVDA,4410.05
GOOG,5635.27
GOOG,3346.92
MSFT,1943.37
ORCL,65.58
AAPL,2799.46
AMZN,1825.21
AAPL,6140.57
MSFT,8430.62
IBM,6830.28
ORCL,8309.99
ORCL,4369.2
ORCL,9998.31
AMZN,1632.29
AMZN,7484.65
GOOG,5949.07
TSLA,7647.04
ORCL,6563.35
AAPL,5411.69
TSLA,5045.11
MSFT,1192.05
TSLA,4484.71
META,6870.12
ORCL,4525.95
AMZN,8596.14
NFLX,996.39
TSLA,5596.48
TSLA,6177.07
NFLX,4241.76
MSFT,5207.47
NVDA,7493.29
TSLA,5847.84
NVDA,4187.13
NVDA,3723.12
ORCL,7806.31
IBM,132.06
IBM,7885.73
TSLA,4629.87
TSLA,9107.71
NFLX,6252.43
GOOG,811.04
GOOG,8417.34
META,6141.9
GOOG,1050.09
GOOG,6705.15
ORCL,8404.6
NVDA,1095.87
IBM,776.54
MSFT,7009.46
IBM,952.66
NFLX,9798.05
ORCL,275.79
MSFT,7588.0
AAPL,3785.62
IBM,9062.03
META,3816.16
NVDA,2308.96
META,9780.29
META,5676.5
META,2248.8
IBM,3901.69
META,9800.12
IBM,2687.25
AMZN,3354.44
META,6200.14
IBM,3449.88
NVDA,8519.75
NVDA,691.24
ORCL,514.75
MSFT,9834.74
META,1746.25
AAPL,1667.44
ORCL,5571.52
IBM,5098.33
IBM,2470.98
AAPL,7230.16
TSLA,3040.6
ORCL,8461.67
IBM,5729.91
MSFT,9626.04
ORCL,2410.85
TSLA,4901.65
IBM,6162.43
AMZN,4149.81
GOOG,8324.16
ORCL,5318.03
MSFT,8543.68
TSLA,9611.45
AAPL,4029.09
NFLX,6943.24
AAPL,5861.6
AMZN,3306.93
TSLA,1866.34
META,7937.83
AAPL,5941.94
AMZN,3352.5
AAPL,9130.93
ORCL,6357.81
NVDA,9826.83
ORCL,9399.14
IBM,4114.88
MSFT,9793.55
AMZN,5901.74
TSLA,459.4
NFLX,4654.94
AMZN,9579.79
AMZN,9284.41
AAPL,7151.46
AMZN,8231.62
TSLA,9251.95
META,9096.0
TSLA,7191.52
NVDA,4005.45
MSFT,2091.82
GOOG,4951.07
AAPL,3619.09
ORCL,1221.25
AMZN,4417.7
META,8214.52
IBM,6908.58
TSLA,7447.75
IBM,3854.42
TSLA,5904.98
MSFT,8180.95
MSFT,9899.08
AMZN,6271.02
AMZN,5655.45
IBM,5154.87
META,6529.85
MSFT,4045.78
NVDA,4348.51
ORCL,3266.67
NFLX,8193.59
IBM,3445.36
AMZN,4863.78
TSLA,4771.01
TSLA,4587.51
AMZN,1519.86
GOOG,9395.07
IBM,562.06
ORCL,3642.71
AAPL,2061.86
ORCL,1760.94
ORCL,4501.82
NFLX,6573.34
META,4137.37
TSLA,3848.3
IBM,985.16
MSFT,5825.44
NFLX,1686.42
NVDA,9372.55
MSFT,110.86
MSFT,742.61
NFLX,2955.08
TSLA,4888.1
ORCL,7494.66
NVDA,3746.72
GOOG,8001.68
AMZN,821.19
AMZN,3878.05
ORCL,7140.42
AMZN,2359.82
NFLX,5207.09
META,3758.16
NVDA,8274.54
ORCL,6023.0
ORCL,1990.0
NFLX,3246.1
TSLA,2588.82
NFLX,9191.61
NFLX,3299.16
TSLA,4550.95
META,6739.35
GOOG,7136.51
NFLX,8635.39
NFLX,4172.66
IBM,3860.66
AMZN,420.0
NFLX,3288.1
NFLX,3572.76
NFLX,8230.88
ORCL,9519.85
META,4940.81
NVDA,1296.91
IBM,3093.59
META,5603.62
META,9433.12
AAPL,798.5
NFLX,6076.46
NVDA,3597.19
AAPL,9381.31
AMZN,432.79
AMZN,7791.54
NFLX,9442.04
NVDA,6015.03
GOOG,8463.18
NVDA,8234.07
NVDA,7518.76
IBM,9679.21
GOOG,2844.08
AMZN,8140.63
META,7626.15
NFLX,2210.63
MSFT,5946.41
AAPL,9027.81
META,9761.85
GOOG,4417.23
GOOG,2600.64
AMZN,5863.94
AMZN,6044.88
GOOG,3069.29
TSLA,7332.17
MSFT,6490.14
GOOG,3847.83
NVDA,3856.59
NFLX,1097.51
GOOG,7587.85
TSLA,1835.35
NFLX,9832.93
NVDA,4175.64
ORCL,3174.84
TSLA,8841.53
MSFT,7377.73
ORCL,9439.84
IBM,5517.19
TSLA,3134.46
AAPL,6375.86
AMZN,7049.7
NFLX,1676.35
NVDA,2311.93
AAPL,7794.82
MSFT,3472.05
MSFT,5377.49
ORCL,1243.92
GOOG,2175.41
TSLA,8331.03
NVDA,2892.16
NVDA,4613.14
GOOG,8954.74
NVDA,7728.12
IBM,1711.08
NFLX,1182.51
ORCL,1292.3
TSLA,9563.26
MSFT,2310.49
GOOG,7532.95
META,6766.54
ORCL,8981.18
META,9857.43
META,8926.56
MSFT,6275.51
META,7382.96
GOOG,3272.27
ORCL,9151.77
AAPL,36.62
TSLA,6550.28
AMZN,7675.37
ORCL,5826.88
NFLX,9271.85
AAPL,3987.66
META,8970.3
AMZN,2494.99
MSFT,6837.32
AAPL,3666.79
NVDA,7093.05
NVDA,300.68
META,5661.83
NVDA,3555.81
NFLX,6597.06
AAPL,5894.06
TSLA,2735.22
NVDA,6117.73
META,4585.9
MSFT,2827.72
TSLA,2294.36
TSLA,3221.21
ORCL,4782.99
NFLX,3457.04
AMZN,5220.53
ORCL,8754.9
META,955.18
NFLX,6110.59
NFLX,5136.85
IBM,6513.8
AMZN,9277.89
AMZN,1773.73
AMZN,9774.66
GOOG,2619.16
TSLA,6996.21
NVDA,3310.88
AAPL,1953.88
IBM,3191.29
AMZN,4896.44
GOOG,2439.8
AAPL,374.19
GOOG,9001.87
META,6495.9
MSFT,5239.23
ORCL,487.34
META,3861.17
IBM,5822.17
META,4483.02
META,5051.85
AMZN,7973.8
GOOG,3425.85
AAPL,5735.83
AMZN,7638.43
AMZN,9870.07
TSLA,9359.78
NVDA,6334.75
GOOG,4373.32
AAPL,8945.05
ORCL,3372.26
GOOG,6663.22
MSFT,2071.53
NVDA,8005.58
TSLA,8703.8
TSLA,3452.6
META,997.07
MSFT,2200.16
META,4419.2
AMZN,4719.89
NFLX,1561.77
IBM,8846.49
META,9183.74
ORCL,965.73
META,3762.63
NFLX,8904.44
MSFT,1449.06
NFLX,7005.52
MSFT,8464.98
GOOG,3735.6
NFLX,5997.64
AMZN,5352.05
ORCL,9720.78
AAPL,4482.15
MSFT,4011.74
IBM,6722.74
NFLX,2107.11
AMZN,964.02
ORCL,4523.19
NFLX,4111.59
NVDA,5428.92
TSLA,2503.16
MSFT,2537.76
IBM,5229.19
NFLX,2522.45
AAPL,8459.73
META,1301.57
NVDA,8857.43
AMZN,3279.99
MSFT,2081.8
META,7448.61
AMZN,4515.37
AAPL,8648.7
IBM,8154.44
MSFT,8489.84
NVDA,7762.68
TSLA,2626.42
AMZN,1824.51
NFLX,5068.97
GOOG,8801.55
ORCL,4889.84
META,8052.02
ORCL,7951.03
ORCL,7701.03
ORCL,163.51
AMZN,4294.73
AAPL,1996.1
ORCL,4208.11
GOOG,6875.21
NVDA,2628.56
AMZN,2508.14
AMZN,5507.44
MSFT,2368.78
ORCL,7679.56
TSLA,7970.55
AAPL,5070.8
IBM,4502.48
GOOG,8576.06
TSLA,2941.46
NVDA,4078.81
AMZN,3548.75
ORCL,6415.61
NVDA,7421.9
NVDA,3781.41
AMZN,9650.99
MSFT,7427.9
META,1998.51
TSLA,7686.07
AMZN,2933.05
IBM,6366.2
AAPL,4203.83
NFLX,6577.7
NFLX,8712.58
AMZN,691.67
NVDA,4183.66
GOOG,6733.24
AMZN,8909.24
AMZN,3473.96
AMZN,313.62
META,1358.95
META,3242.38
NVDA,2580.13
NVDA,8673.7
GOOG,8461.47
TSLA,8836.2
ORCL,6518.7
AMZN,4191.34
AAPL,2876.14
TSLA,9429.01
AAPL,7057.17
IBM,9178.57
NVDA,5781.4
ORCL,1786.43
NFLX,9632.53
TSLA,5965.31
GOOG,250.29
TSLA,6643.38
AAPL,615.6
GOOG,9310.3
NVDA,268.07
MSFT,3050.02
ORCL,5466.31
ORCL,7389.88
TSLA,9491.22
AMZN,2445.0
IBM,4779.49
TSLA,5094.65
GOOG,612.54
AMZN,914.84
MSFT,7723.95
GOOG,5678.75
META,3144.9
GOOG,7988.46
GOOG,5245.76
AAPL,2704.21
NFLX,1820.27
AMZN,7687.04
MSFT,3536.92
IBM,39.95
GOOG,1208.38
ORCL,2188.51
AAPL,330.71
GOOG,4436.38
MSFT,5814.31
AMZN,8134.08
IBM,5963.12
NVDA,8775.87
NVDA,1577.07
NVDA,267.38
NVDA,5576.07
AAPL,6645.25
META,726.11
GOOG,4725.84
AMZN,1912.44
META,4758.89
ORCL,7339.27
NFLX,4194.44
IBM,5580.01
IBM,6652.72
AMZN,9339.59
NVDA,1956.1
META,1202.56
NFLX,7438.45
ORCL,213.72
MSFT,8336.56
IBM,6430.09
IBM,3885.6
NFLX,1054.3
AMZN,4730.43
ORCL,5899.63
AAPL,7458.96
NFLX,6451.58
META,7066.6
MSFT,9173.08
NVDA,1941.15
NVDA,2988.74
AMZN,4018.78
ORCL,9043.37
ORCL,9275.93
IBM,1851.0
MSFT,6860.35
AMZN,9952.15
IBM,715.29
MSFT,6069.23
IBM,1730.45
META,8314.51
AMZN,1886.65
MSFT,9798.52
ORCL,8901.3
NFLX,6094.3
TSLA,7116.19
AMZN,5814.41
META,8040.66
GOOG,8063.16
ORCL,8624.45
META,6305.45
MSFT,9544.4
MSFT,398.47
TSLA,4177.02
NVDA,3796.84
MSFT,4239.97
NVDA,9984.42
IBM,6576.6
META,7398.32
TSLA,5512.34
IBM,8965.99
NVDA,6953.54
NVDA,3394.21
IBM,5924.3
NFLX,4905.68
AMZN,2020.42
MSFT,8050.76
GOOG,9449.48
TSLA,1188.95
AAPL,1665.6
META,3172.03
AAPL,158.81
AAPL,7276.16
META,5277.38
GOOG,7845.05
NVDA,4849.39
AAPL,7871.46
MSFT,6581.96
NFLX,8193.6
NVDA,151.73
GOOG,2496.06
IBM,7500.32
ORCL,9508.89
GOOG,282.56
GOOG,4440.81
IBM,2531.25
NFLX,8293.7
NVDA,6149.9
ORCL,3434.68
META,9173.81
GOOG,7020.56
META,8950.56
AMZN,3463.96
NVDA,178.02
META,7236.05
TSLA,7132.86
META,6095.36
GOOG,6976.61
NVDA,2166.28
NFLX,563.39
AAPL,5792.3
AAPL,9961.55
GOOG,190.78
ORCL,7967.17
NFLX,1160.33
NFLX,4449.63
AMZN,6339.25
ORCL,7274.96
IBM,1554.39
ORCL,5327.18
ORCL,4679.99
MSFT,3899.1
MSFT,9317.13
ORCL,7256.63
MSFT,3079.94
AMZN,4558.47
AMZN,7827.32
MSFT,5993.03
AMZN,4835.28
NVDA,5608.24
NVDA,9460.44
AAPL,8414.05
IBM,1464.08
AMZN,2447.61
AMZN,2624.57
IBM,4354.22
NFLX,9711.91
META,8475.1
NFLX,5741.63
AAPL,4648.95
META,2661.27
AMZN,9567.44
AMZN,4725.44
AAPL,9026.16
ORCL,5900.56
AMZN,3056.05
GOOG,892.13
ORCL,1563.68
NFLX,4914.85
NVDA,574.31
ORCL,4699.36
AMZN,9937.57
MSFT,2654.94
NVDA,5395.48
GOOG,7645.56
TSLA,5993.94
ORCL,7117.96
AMZN,581.3
MSFT,2904.37
AAPL,3665.96
NFLX,2456.78
ORCL,8237.49
IBM,8102.87
NVDA,9944.5
IBM,4422.47
ORCL,8582.42
AAPL,1758.3
AMZN,550.05
GOOG,8247.51
ORCL,9020.28
IBM,1565.56
GOOG,9507.24
META,1187.06
NFLX,2778.14
IBM,741.72
MSFT,84.85
ORCL,7653.7
NFLX,9834.58
MSFT,2837.96
NVDA,3282.32
AAPL,865.23
TSLA,5209.48
GOOG,6519.46
TSLA,5150.01
GOOG,3287.63
NFLX,1601.05
TSLA,8391.24
META,3718.54
GOOG,5501.89
NVDA,902.42
ORCL,5667.17
META,3091.11
IBM,467.94
TSLA,8839.23
IBM,3207.54
TSLA,4048.74
IBM,7334.59
NVDA,6214.85
AAPL,1571.53
IBM,9517.24
TSLA,9610.59
NVDA,7587.59
GOOG,8384.49
GOOG,7363.22
NFLX,1209.44
TSLA,8783.92
IBM,6492.53
ORCL,7101.71
META,2324.98
MSFT,5046.71
AAPL,2375.24
IBM,7978.89
ORCL,8882.48
IBM,3963.91
ORCL,3135.33
AAPL,6630.31
MSFT,3877.92
NVDA,6554.54
AAPL,8549.87
MSFT,2239.0
IBM,8796.37
GOOG,3538.93
GOOG,5900.4
AAPL,7856.48
NFLX,9605.19
NVDA,9404.18
NFLX,5721.15
NFLX,3896.98
AMZN,7474.25
ORCL,3388.45
NVDA,9657.52
ORCL,7842.91
NFLX,2239.86
NFLX,3577.14
NFLX,6142.57
TSLA,2551.53
NVDA,9519.94
MSFT,9831.37
IBM,1424.26
AAPL,3814.59
AAPL,5531.53
NFLX,974.08
NVDA,298.05
META,3145.7
NFLX,2181.87
GOOG,1943.21
NFLX,5508.71
MSFT,2478.06
TSLA,9876.3
META,6764.13
NVDA,5989.55
AAPL,915.04
NFLX,7113.2
IBM,4414.01
NFLX,2772.89
TSLA,7648.7
AMZN,8404.92
META,4146.75
GOOG,6193.43
NVDA,8691.95
META,9535.53
MSFT,45.55
NVDA,9902.1
AMZN,8707.52
MSFT,7260.63
NVDA,900.15
NFLX,4318.14
AMZN,4087.89
TSLA,9766.51
TSLA,713.2
AAPL,6432.63
AAPL,3280.27
ORCL,442.8
TSLA,8226.87
NFLX,8728.63
TSLA,2292.99
ORCL,1567.79
IBM,9919.73
NVDA,1322.76
NVDA,4502.3
AAPL,5634.74
NFLX,9470.27
MSFT,3988.91
IBM,269.97
NFLX,1778.85
META,5347.65
TSLA,9089.88
ORCL,4372.12
AAPL,6294.32
AAPL,2257.5
IBM,2395.98
AAPL,2931.85
AAPL,7013.7
NFLX,1059.68
META,7908.61
NVDA,3769.89
TSLA,304.13
NFLX,1718.58
NFLX,9619.43
ORCL,8693.16
GOOG,2994.07
MSFT,1701.93
AMZN,6401.93
IBM,5330.23
IBM,3902.24
MSFT,1307.65
NVDA,5593.49
IBM,4974.17
AMZN,1190.12
GOOG,1440.77
ORCL,5272.17
NFLX,8591.03
NFLX,1921.26
AMZN,8899.93
AMZN,2059.69
NVDA,1709.23
NFLX,4237.47
AMZN,5729.81
META,6212.77
META,6223.66
NFLX,6974.69
ORCL,5003.24
NFLX,3920.15
TSLA,2342.02
ORCL,2735.98
NFLX,6995.48
ORCL,7556.99
AMZN,7845.97
ORCL,9929.14
IBM,6825.09
TSLA,5701.31
NVDA,6691.08
MSFT,9286.71
AAPL,6951.2
IBM,1205.6
NFLX,2574.11
NVDA,1843.03
IBM,3594.23
IBM,3227.84
GOOG,5786.43
IBM,31.03
AMZN,96.74
TSLA,7819.31
GOOG,3213.75
GOOG,5109.74
NFLX,8159.77
IBM,5933.88
TSLA,4407.06
IBM,7509.44
GOOG,8473.34
MSFT,6214.77
MSFT,6215.35
MSFT,8492.15
ORCL,9274.67
GOOG,7393.89
NVDA,3629.05
ORCL,4700.75
ORCL,2945.71
AAPL,8273.63
NFLX,6879.23
AAPL,6855.08
META,1171.56
ORCL,6528.39
IBM,7921.22
AAPL,5305.78
GOOG,9030.85
MSFT,939.74
IBM,3425.9
MSFT,8007.68
GOOG,9250.99
MSFT,5567.41
AAPL,1112.92
ORCL,2441.49
MSFT,7358.55
TSLA,9888.31
MSFT,3960.46
AAPL,2553.94
META,9323.08
ORCL,4740.46
IBM,551.42
NVDA,3645.91
AMZN,4249.01
TSLA,9392.97
GOOG,4541.84
AMZN,2071.16
NFLX,967.48
AAPL,2357.5
ORCL,2956.7
GOOG,684.55
IBM,5651.92
TSLA,8512.97
MSFT,6680.03
META,4315.06
IBM,1832.13
AAPL,4123.21
ORCL,8364.86
MSFT,9064.68
NVDA,8764.71
NFLX,891.3
ORCL,9996.82
NFLX,844.52
ORCL,553.45
MSFT,6909.5
TSLA,115.59
MSFT,8142.46
META,1411.2
NFLX,2600.18
MSFT,5416.91
AAPL,5626.54
AMZN,5617.9
NVDA,9975.39
AMZN,3790.51
IBM,8334.89
NVDA,5613.46
ORCL,7407.64
IBM,7179.64
AAPL,4610.1
ORCL,7289.36
AAPL,844.24
IBM,2894.62
NFLX,2682.16
TSLA,7617.87
META,182.33
META,4522.23
AAPL,7332.22
NVDA,3812.34
NVDA,9219.65
NVDA,7602.92
NVDA,5438.88
GOOG,3439.75
GOOG,1723.36
TSLA,195.33
IBM,6469.41
META,6178.88
AAPL,1324.89
IBM,4235.66
META,1276.75
AMZN,4702.62
ORCL,5065.58
MSFT,3016.42
MSFT,415.6
GOOG,5486.51
AMZN,801.76
ORCL,1752.09
ORCL,503.45
NVDA,4383.78
MSFT,2389.66
AAPL,933.25
MSFT,8156.2
ORCL,5360.67
NVDA,6862.19
TSLA,2030.62
MSFT,1566.2
META,279.61
NVDA,2255.04
MSFT,1727.31
TSLA,5515.66
NVDA,8117.72
NVDA,2370.37
NFLX,731.52
META,8756.72
GOOG,9405.41
MSFT,9779.54
NFLX,185.87
NFLX,8755.79
AMZN,9189.57
ORCL,3402.29
AMZN,1612.57
META,8238.72
ORCL,9207.06
MSFT,7000.02
MSFT,3918.39
TSLA,8947.66
ORCL,6740.96
TSLA,9947.01
AMZN,1298.0
GOOG,5669.0
META,7824.82
ORCL,5287.16
NFLX,8424.99
GOOG,3916.92
MSFT,9445.41
AAPL,6020.13
IBM,3237.93
NFLX,809.29
IBM,8902.67
IBM,6575.02
GOOG,7698.75
NFLX,325.47
META,9882.7
MSFT,9693.32
AMZN,7305.35
ORCL,1300.25
NFLX,8674.49
META,996.21
IBM,6473.19
AMZN,3955.26
META,7200.33
NFLX,1301.71
GOOG,8595.44
GOOG,1363.11
AMZN,9305.57
META,6052.04
GOOG,7784.4
AAPL,9046.35
NFLX,8939.65
GOOG,4330.96
NFLX,6134.38
META,1354.85
META,3261.47
IBM,8366.31
META,10.47
TSLA,3465.14
IBM,5090.51
AMZN,9915.59
AMZN,659.55
GOOG,8416.92
TSLA,4685.49
NVDA,3399.29
GOOG,1460.63
META,50.62
NFLX,2745.93
GOOG,6856.39
TSLA,3839.0
NFLX,9377.96
NVDA,4303.49
ORCL,606.51
META,914.49
GOOG,4313.42
ORCL,5037.82
NFLX,8088.88
GOOG,5241.19
ORCL,3610.08
NVDA,902.51
GOOG,8919.44
NVDA,7392.28
AAPL,8979.31
NVDA,862.71
TSLA,6123.5
IBM,4537.33
NVDA,5446.52
GOOG,7745.15
META,4068.98
GOOG,1804.07
AAPL,1690.25
TSLA,9735.11
IBM,9965.4
GOOG,53.68
NVDA,3898.0
NVDA,447.81
IBM,9305.08
ORCL,4300.41
AAPL,9026.38
ORCL,9614.51
TSLA,3713.21
GOOG,8779.09
AMZN,8361.45
NFLX,8045.76
ORCL,9089.2
ORCL,2558.92
NFLX,54.82
AMZN,8860.66
NVDA,5596.43
AMZN,9454.54
AMZN,9875.35
TSLA,9915.27
GOOG,153.45
GOOG,9925.13
GOOG,3492.44
GOOG,8308.48
IBM,198.0
MSFT,4328.38
MSFT,6477.44
META,8244.46
AMZN,1830.66
TSLA,9930.0
ORCL,99.56
NVDA,2200.02
MSFT,1908.91
NFLX,1185.4
GOOG,7897.14
MSFT,9605.14
TSLA,3885.01
IBM,7825.53
IBM,5533.04
GOOG,6979.94
GOOG,5527.46
AMZN,9042.03
GOOG,7703.47
GOOG,5538.42
TSLA,7907.15
META,7808.37
AMZN,4570.6
AMZN,5728.79
ORCL,3377.43
NVDA,9660.59
NVDA,5497.94
IBM,1970.94
NFLX,1377.74
AMZN,2789.67
GOOG,4275.55
NVDA,5907.69
NVDA,9782.09
GOOG,5624.25
META,2108.37
ORCL,2012.61
ORCL,4327.26
MSFT,8975.05
ORCL,4021.91
META,6662.9
TSLA,3603.2
NVDA,4258.15
META,1311.63
IBM,9856.06
MSFT,5914.11
AMZN,2963.48
ORCL,6111.09
GOOG,8397.24
ORCL,9825.52
GOOG,2815.43
GOOG,7828.6
AMZN,3751.66
AAPL,2839.82
GOOG,3585.46
NVDA,8171.88
MSFT,6913.55
NVDA,660.05
TSLA,3351.13
META,1698.55
IBM,6641.12
TSLA,9223.89
NVDA,7984.13
NFLX,9185.69
ORCL,8379.42
TSLA,634.05
NFLX,5316.98
NFLX,3484.8
AAPL,7844.8
TSLA,5527.86
ORCL,4083.7
NFLX,6298.27
TSLA,8473.17
NVDA,793.87
MSFT,5875.06
MSFT,6268.19
NFLX,8791.14
ORCL,4909.49
MSFT,1414.1
META,3430.23
META,933.04
AAPL,7279.03
AAPL,230.0
GOOG,1146.79
TSLA,1859.1
AAPL,4363.17
TSLA,9276.05
IBM,8006.51
TSLA,9268.66
META,7807.58
AMZN,6375.63
NVDA,523.44
NVDA,2615.91
NVDA,5237.11
ORCL,3664.01
GOOG,4670.03
NFLX,7129.17
TSLA,4432.8
NFLX,5469.49
AMZN,4496.58
META,7865.81
META,5522.05
TSLA,6767.15
TSLA,5111.22
GOOG,6953.24
IBM,6047.13
MSFT,6886.16
ORCL,6885.94
GOOG,7622.35
TSLA,6041.98
AAPL,2169.37
AAPL,4630.17
MSFT,4443.95
IBM,5803.22
META,4606.83
NFLX,4918.43
NFLX,2631.22
AAPL,1381.42
NVDA,95.38
AMZN,651.4
AMZN,1993.23
IBM,7534.24
NFLX,1879.24
ORCL,269.23
AAPL,627.8
NFLX,1375.5
ORCL,8607.76
TSLA,9593.93
NVDA,1718.86
IBM,9128.07
NFLX,5909.45
NVDA,6155.83
META,3554.08
GOOG,9581.62
NFLX,5472.79
AMZN,3966.72
TSLA,7855.7
NVDA,3673.71
IBM,6584.95
AMZN,4845.33
GOOG,8425.26
AMZN,8509.38
META,4856.71
NFLX,8571.94
NFLX,4246.36
IBM,7495.66
IBM,8113.67
NVDA,3586.18
AMZN,7018.78
META,8944.59
META,1439.23
AMZN,6344.48
ORCL,7239.8
MSFT,7753.58
AAPL,4570.35
IBM,8996.37
MSFT,8918.4
AMZN,8633.23
NVDA,6521.1
ORCL,3121.26
ORCL,2228.26
GOOG,9019.5
META,3540.75
GOOG,4202.22
AAPL,5761.79
NFLX,3112.88
NVDA,7746.22
ORCL,8617.94
GOOG,4488.03
ORCL,8408.14
IBM,4012.82
NFLX,3125.96
NFLX,4964.96
AAPL,4797.66
IBM,3430.32
NFLX,9103.53
TSLA,4202.88
NFLX,3583.0
GOOG,2642.9
MSFT,4981.99
GOOG,2334.92
TSLA,7170.93
NVDA,9760.26
IBM,4210.59
AMZN,4566.55
GOOG,6934.69
IBM,9697.03
AAPL,3116.56
NVDA,9001.31
MSFT,5292.44
NFLX,5240.43
ORCL,3699.77
AAPL,5204.86
NFLX,8261.61
NFLX,9799.21
NFLX,8561.64
META,3606.81
AAPL,2007.97
ORCL,4530.6
MSFT,6928.09
GOOG,9920.87
NFLX,7186.71
TSLA,9583.44
NFLX,2470.27
META,1453.77
NFLX,7430.46
GOOG,6724.41
META,572.98
IBM,9308.4
MSFT,1152.88
ORCL,4265.74
META,8062.28
TSLA,9353.67
TSLA,7602.81
AAPL,8909.05
ORCL,5382.06
MSFT,5435.36
AAPL,8553.67
ORCL,6115.98
ORCL,4833.7
NFLX,6184.86
GOOG,9986.16
TSLA,4010.16
META,6032.44
NVDA,479.23
NVDA,2556.25
AMZN,7279.87
TSLA,3253.72
GOOG,3162.46
AMZN,2192.24
IBM,7506.31
GOOG,1593.18
GOOG,1408.94
ORCL,5446.89
IBM,9948.61
AMZN,3519.34
META,6448.94
GOOG,3162.87
TSLA,7837.37
TSLA,4598.69
IBM,1543.54
NFLX,9728.71
AMZN,856.74
GOOG,7459.14
AMZN,6017.04
META,1084.71
NFLX,8551.67
AAPL,4021.54
TSLA,5750.35
NFLX,6895.59
NFLX,976.03
AMZN,6659.44
NFLX,4442.44
ORCL,261.57
AMZN,3039.23
IBM,1262.11
NFLX,1181.7
TSLA,4222.94
TSLA,324.93
MSFT,9466.78
MSFT,9400.58
MSFT,6486.22
MSFT,7692.52
IBM,9174.43
META,5864.12
META,1446.72
IBM,8497.09
TSLA,5094.23
MSFT,1251.95
AAPL,9970.32
NFLX,5103.11
ORCL,3924.26
AMZN,3381.71
AAPL,2314.07
AAPL,5190.18
AMZN,3914.11
TSLA,3419.94
TSLA,9712.68
GOOG,8711.2
GOOG,3657.38
AMZN,9735.13
MSFT,1335.41
AAPL,1232.3
AAPL,6146.47
AAPL,7411.19
AAPL,7178.07
IBM,4801.73
MSFT,2204.94
NFLX,2738.82
ORCL,1639.24
GOOG,5414.41
META,2878.81
AAPL,6018.98
MSFT,6297.64
TSLA,4953.13
AAPL,1607.96
NFLX,9566.39
AAPL,7385.34
TSLA,5009.19
MSFT,6727.63
AAPL,8789.53
NFLX,1764.86
META,1833.45
GOOG,3619.67
NFLX,9000.47
NVDA,6079.34
AMZN,2981.14
NFLX,1171.43
GOOG,4640.18
AMZN,398.18
GOOG,1997.97
MSFT,5670.67
GOOG,2572.27
AMZN,3960.46
GOOG,621.8
GOOG,4539.03
NFLX,6451.51
META,7230.75
MSFT,5065.16
NFLX,3669.56
TSLA,4362.57
NFLX,105.35
NVDA,604.7
AAPL,8499.69
AMZN,1085.58
NFLX,4878.42
NVDA,8581.9
MSFT,1100.09
IBM,342.86
NVDA,3431.89
ORCL,1235.18
AAPL,5959.39
AAPL,1800.26
GOOG,8506.62
NFLX,8783.45
NFLX,5227.23
AMZN,1460.55
ORCL,7864.68
MSFT,8934.6
NFLX,7379.51
GOOG,4318.67
MSFT,9403.01
GOOG,5569.96
NVDA,5397.8
NFLX,4705.84
AAPL,406.99
NFLX,5943.75
TSLA,2944.82
MSFT,851.85
NFLX,3117.29
NFLX,9117.03
AAPL,1758.0
AMZN,3460.49
ORCL,4561.52
META,1139.17
TSLA,1714.71
NVDA,2494.61
IBM,5338.66
IBM,9481.42
AAPL,7448.96
NVDA,5884.21
IBM,1224.39
NVDA,8250.94
MSFT,6462.51
AMZN,8581.83
NFLX,1561.64
ORCL,6436.4
GOOG,4357.81
IBM,4584.64
NFLX,7018.67
AMZN,8970.04
GOOG,4879.48
META,9363.09
GOOG,2055.55
NFLX,2006.09
GOOG,5115.4
TSLA,9964.98
ORCL,6161.08
NVDA,5075.02
AMZN,5161.17
META,1497.96
META,6041.72
NFLX,4571.57
GOOG,1971.44
GOOG,2353.98
META,8050.77
NFLX,2212.96
AAPL,3403.25
NFLX,8314.34
ORCL,7128.35
GOOG,2723.27
GOOG,2342.84
AAPL,2609.29
NVDA,2199.14
GOOG,5712.91
IBM,9395.47
AAPL,6967.46
MSFT,5769.63
AAPL,6541.0
NVDA,1626.24
IBM,2802.26
IBM,3013.93
TSLA,928.67
GOOG,5539.61
NFLX,5277.73
NVDA,6985.52
AAPL,7538.01
META,9623.1
ORCL,5769.98
AMZN,5064.41
META,9644.36
IBM,5399.22
MSFT,7019.46
AAPL,5525.34
MSFT,5446.35
GOOG,3966.6
IBM,3854.95
MSFT,6126.38
AAPL,7006.34
IBM,5983.16
MSFT,8134.41
ORCL,2870.97
META,1319.7
ORCL,4889.83
NFLX,7276.95
IBM,7188.29
GOOG,6291.66
NVDA,6498.77
AAPL,4447.15
META,665.77
IBM,4728.34
NFLX,4859.5
IBM,9075.59
NFLX,455.04
MSFT,7538.67
MSFT,6821.84
IBM,809.49
AMZN,2431.76
GOOG,6051.96
MSFT,8177.75
NFLX,4236.71
ORCL,7246.61
ORCL,9339.57
TSLA,5932.4
AAPL,6615.65
META,5270.71
META,965.07
IBM,4754.47
GOOG,1363.92
NFLX,9936.55
AMZN,9724.79
META,4807.73
AMZN,5992.57
MSFT,2421.63
IBM,8628.23
TSLA,9149.79
NVDA,8557.69
NVDA,7971.92
META,1297.2
NVDA,10.96
NFLX,7222.19
IBM,7228.22
NFLX,8555.83
NVDA,3547.64
TSLA,7827.11
MSFT,3817.29
IBM,662.78
AAPL,143.58
ORCL,7100.47
NVDA,9875.03
AAPL,4064.03
AAPL,7052.78
NFLX,2757.21
AMZN,97.95
NVDA,6809.49
MSFT,5018.58
NFLX,7322.31
META,9142.93
TSLA,912.37
NVDA,2788.09
GOOG,5492.95
META,9887.93
NFLX,8173.7
NVDA,9642.9
GOOG,9328.77
NVDA,8166.92
AMZN,8804.3
NVDA,3619.97
IBM,5843.47
ORCL,2391.11
IBM,172.79
NFLX,8205.25
AMZN,2966.02
AAPL,2814.72
NVDA,4925.16
IBM,9124.55
GOOG,7129.88
AAPL,8581.66
NVDA,2466.46
AAPL,636.76
GOOG,7354.72
ORCL,2592.39
META,2567.11
MSFT,694.51
NFLX,3425.75
ORCL,4776.5
MSFT,5100.6
NFLX,8791.91
ORCL,2523.93
NVDA,7930.47
IBM,250.51
IBM,6374.64
AAPL,2530.03
AMZN,1958.63
GOOG,4775.18
MSFT,8776.85
MSFT,5569.78
META,6354.8
MSFT,8490.07
NVDA,4458.76
META,3536.21
NVDA,9059.54
MSFT,9009.77
AMZN,4163.57
META,9919.67
ORCL,7821.65
AAPL,9507.22
IBM,9046.94
META,9938.39
GOOG,1416.33
GOOG,4535.23
MSFT,5568.58
AAPL,7755.79
IBM,810.97
NFLX,1974.1
AMZN,9759.85
META,1959.63
ORCL,9684.01
NVDA,4931.5
NFLX,9832.5
NFLX,5260.12
TSLA,9529.14
ORCL,8503.02
NVDA,8602.2
TSLA,4530.01
NVDA,639.5
NFLX,2840.99
META,762.87
META,3475.06
META,5854.15
ORCL,2629.09
GOOG,5799.65
META,5006.5
AMZN,3812.93
NVDA,3181.43
AAPL,2704.66
NFLX,8132.26
GOOG,1931.74
NFLX,6756.24
NFLX,5590.03
ORCL,6984.5
NVDA,5266.06
MSFT,8903.34
GOOG,7859.48
ORCL,2055.26
AMZN,1740.29
AAPL,8236.09
GOOG,3118.41
NVDA,8271.23
ORCL,3446.64
IBM,9351.97
IBM,4435.35
NVDA,8675.44
NFLX,4450.69
AAPL,762.89
META,5698.38
NFLX,2481.25
NVDA,8663.5
ORCL,6457.82
META,8512.75
NVDA,2474.65
META,2599.6
TSLA,8713.27
AMZN,3877.29
META,7273.78
AAPL,8031.51
MSFT,639.04
AMZN,5679.53
NFLX,2553.54
NFLX,6756.88
TSLA,7483.6
ORCL,4270.41
MSFT,1159.55
MSFT,1617.34
TSLA,8977.33
NVDA,5697.09
META,4767.26
ORCL,4821.59
NFLX,4853.41
GOOG,9323.31
MSFT,5683.01
ORCL,1216.71
IBM,7981.92
MSFT,667.36
MSFT,4846.75
META,6484.47
META,3737.92
TSLA,3572.37
AAPL,1014.26
NVDA,7186.74
MSFT,1518.64
ORCL,6871.62
IBM,1287.43
MSFT,9631.67
META,7731.98
ORCL,6918.85
GOOG,7209.79
META,9006.1
AMZN,5847.38
META,9328.1
NFLX,9069.72
NVDA,7072.31
GOOG,2873.52
GOOG,24.43
META,6052.94
NFLX,3416.3
NVDA,6196.31
AAPL,1900.11
NFLX,1775.64
ORCL,5400.49
IBM,2269.4
ORCL,5430.52
AAPL,8802.33
MSFT,1727.38
ORCL,5569.08
ORCL,5067.47
IBM,230.5
GOOG,9079.62
IBM,252.68
MSFT,6934.36
ORCL,8391.01
IBM,7001.88
TSLA,7390.67
META,6960.97
AAPL,6301.86
ORCL,397.73
AAPL,2372.43
ORCL,6723.37
IBM,6554.43
NVDA,9242.84
NVDA,7841.11
AAPL,5057.61
NVDA,7125.17
AAPL,9094.33
IBM,5005.78
TSLA,679.92
AMZN,3109.07
MSFT,2722.11
GOOG,3376.85
GOOG,9360.89
ORCL,4482.67
GOOG,740.69
NVDA,4521.09
MSFT,6240.73
TSLA,4366.29
NFLX,1068.35
IBM,8307.61
AMZN,7805.77
META,3967.17
NVDA,1720.75
IBM,174.79
NFLX,7007.13
NVDA,1671.7
NVDA,4370.68
NFLX,1420.26
IBM,2792.14
NFLX,808.75
GOOG,217.82
GOOG,301.34
AAPL,7072.22
IBM,311.33
GOOG,3836.97
NVDA,8534.43
TSLA,4389.4
AAPL,5917.83
ORCL,7710.54
AMZN,9580.42
MSFT,725.14
NFLX,549.42
GOOG,8020.32
TSLA,2474.92
AAPL,2089.26
NVDA,2724.91
AMZN,7076.43
IBM,1179.05
META,709.55
IBM,7395.69
NVDA,5223.12
IBM,8151.08
ORCL,9968.48
TSLA,6814.57
NFLX,8526.38
TSLA,5092.88
AAPL,1111.54
NFLX,3761.74
MSFT,2978.07
MSFT,9081.09
MSFT,7856.97
TSLA,8940.69
IBM,5222.86
NFLX,5591.65
NVDA,2102.77
MSFT,7847.97
AAPL,6699.48
AMZN,2466.72
ORCL,7585.37
GOOG,1639.06
AAPL,3649.04
GOOG,1761.79
ORCL,6329.74
AAPL,3011.89
IBM,2346.05
META,1286.6
NVDA,9669.4
MSFT,2044.96
META,5578.85
ORCL,479.09
META,2133.14
AAPL,8495.28
IBM,9611.44
NVDA,8388.22
ORCL,1831.19
TSLA,6733.71
GOOG,6010.77
NVDA,6591.45
META,3011.46
TSLA,9780.14
NFLX,7370.94
ORCL,8015.48
GOOG,3693.54
NVDA,9945.02
GOOG,2391.96
GOOG,9211.94
GOOG,8994.86
ORCL,9863.45
IBM,83.29
GOOG,4856.5
ORCL,3515.18
IBM,6146.89
MSFT,2163.61
NVDA,6607.06
AMZN,8469.16
TSLA,3767.16
IBM,2236.83
GOOG,8728.63
MSFT,8495.45
MSFT,7589.88
IBM,696.55
IBM,7709.39
NVDA,3251.51
NVDA,3025.68
NVDA,7324.09
NVDA,6327.72
GOOG,442.72
META,3369.0
TSLA,8231.56
NFLX,8938.91
NVDA,3317.22
GOOG,4002.91
TSLA,6417.05
NVDA,8677.54
NVDA,408.23
AAPL,1010.74
AMZN,6842.5
IBM,9213.47
MSFT,3411.18
META,2445.41
AAPL,7539.74
ORCL,5493.41
AAPL,8763.27
TSLA,4116.75
IBM,3294.59
MSFT,7773.5
AAPL,9851.25
TSLA,5657.31
NVDA,3852.36
NVDA,7223.77
AMZN,7437.42
META,202.65
NVDA,3992.07
MSFT,2451.68
NVDA,2206.01
ORCL,3786.85
GOOG,5929.97
ORCL,7470.49
MSFT,91.58
AMZN,4658.52
META,1611.91
NFLX,9455.36
GOOG,6255.19
GOOG,9414.13
TSLA,2566.5
MSFT,3758.28
NVDA,2448.69
NVDA,2799.06
AAPL,139.87
META,4852.14
TSLA,2611.48
NFLX,5297.57
AAPL,8414.25
META,3596.7
NFLX,8319.04
AAPL,5794.05
AAPL,2775.82
TSLA,9863.96
IBM,602.74
IBM,523.47
IBM,7994.88
META,2768.53
NVDA,4548.83
NVDA,1144.54
NVDA,7309.08
ORCL,1087.71
MSFT,289.22
NFLX,9273.24
AAPL,9953.5
ORCL,370.56
AMZN,3825.84
NVDA,4976.78
NFLX,4489.04
GOOG,522.93
IBM,2629.63
AAPL,7122.85
NVDA,5214.74
TSLA,5889.53
TSLA,6431.59
META,4681.15
TSLA,116.76
NVDA,4521.73
AMZN,2031.55
AAPL,9778.11
AMZN,9367.71
NFLX,4196.09
GOOG,5665.79
GOOG,767.33
META,8315.83
NFLX,1020.61
AAPL,2217.99
GOOG,2608.66
NFLX,6884.55
AAPL,9520.45
ORCL,9598.25
AAPL,5864.13
ORCL,421.21
AAPL,4576.98
MSFT,5947.6
MSFT,7903.2
TSLA,7882.4
IBM,8171.54
AAPL,2689.79
IBM,1701.4
META,6686.35
GOOG,789.85
NFLX,2631.01
META,8110.26
ORCL,6736.72
NVDA,8658.2
TSLA,5034.6
ORCL,5206.62
TSLA,2014.32
AMZN,571.72
MSFT,2898.82
IBM,6261.95
TSLA,9478.5
AMZN,4327.1
TSLA,6711.84
NFLX,7626.71
GOOG,4381.37
IBM,6753.48
NVDA,1607.76
NVDA,5507.05
AAPL,2701.01
NFLX,393.16
TSLA,9302.57
AAPL,504.01
ORCL,5364.6
GOOG,5881.6
MSFT,3778.93
NFLX,6862.35
AMZN,9407.38
AMZN,5930.67
GOOG,8695.7
NVDA,7489.82
ORCL,7804.26
IBM,1836.01
IBM,4096.85
NFLX,9025.94
NVDA,7684.37
MSFT,9170.33
GOOG,9984.43
MSFT,314.84
GOOG,6688.95
NFLX,8289.65
MSFT,9301.97
GOOG,2457.24
AMZN,92.54
ORCL,7949.48
GOOG,8764.6
NVDA,5304.96
GOOG,6400.54
META,1451.08
MSFT,921.68
NFLX,7518.44
GOOG,7139.67
MSFT,3759.06
NVDA,2937.08
NFLX,6352.92
TSLA,2780.94
ORCL,8078.74
MSFT,9967.83
NVDA,7737.72
ORCL,6621.52
IBM,4358.73
AAPL,5560.55
IBM,2396.66
TSLA,8405.98
MSFT,9176.66
GOOG,6391.26
META,3775.51
AMZN,3647.51
MSFT,1020.99
NFLX,4083.46
NFLX,9448.43
AMZN,4816.72
NFLX,9851.27
META,9679.84
ORCL,2623.85
AAPL,8831.16
IBM,9221.95
NVDA,5991.42
IBM,1006.89
TSLA,4857.11
GOOG,9393.25
META,4190.22
ORCL,4491.8
AMZN,8650.93
MSFT,3192.18
NFLX,1102.08
GOOG,4415.59
GOOG,9633.85
ORCL,4511.75
GOOG,2558.89
NVDA,8326.9
AAPL,6605.02
TSLA,1676.46
IBM,3714.32
MSFT,2952.33
IBM,5047.04
GOOG,2124.48
TSLA,4595.07
TSLA,6251.76
NVDA,4992.47
IBM,259.25
NVDA,7476.45
GOOG,7305.95
META,6355.4
ORCL,7019.97
MSFT,7190.71
IBM,2263.43
META,9987.15
IBM,5135.89
NFLX,6763.45
AAPL,4833.94
IBM,7966.21
AAPL,1626.28
NVDA,7473.35
TSLA,7779.71
IBM,2449.23
AAPL,4469.99
NFLX,4596.09
ORCL,1634.04
GOOG,8325.32
MSFT,6423.6
NVDA,9506.62
TSLA,2477.88
AMZN,1800.58
NVDA,8845.83
NVDA,6364.85
AAPL,4890.61
AAPL,1703.97
AAPL,2215.01
GOOG,5704.52
IBM,7955.96
GOOG,1018.96
IBM,9680.11
NFLX,8279.37
MSFT,3625.58
GOOG,8981.1
GOOG,2132.38
ORCL,4541.9
META,16.44
IBM,9027.78
NVDA,5355.41
ORCL,5858.65
TSLA,5627.73
NVDA,4203.22
AAPL,8318.34
ORCL,7200.56
TSLA,241.93
META,4566.33
NFLX,4583.29
TSLA,924.29
GOOG,4862.49
GOOG,1980.04
GOOG,120.58
NFLX,2038.25
GOOG,3811.0
NFLX,1705.05
META,9462.4
GOOG,2468.64
TSLA,1347.96
AAPL,2009.99
NFLX,8780.47
NFLX,6930.47
MSFT,5871.06
NFLX,3772.11
AAPL,1647.46
NFLX,3524.02
AMZN,7710.14
GOOG,8068.63
NFLX,5080.35
GOOG,6168.53
IBM,1653.0
TSLA,6687.57
GOOG,895.56
META,6757.13
NVDA,3114.05
IBM,841.89
MSFT,7177.04
MSFT,9553.74
ORCL,4388.64
AAPL,3387.39
NFLX,4496.96
MSFT,551.11
NFLX,8605.38
MSFT,3286.5
NFLX,188.45
TSLA,4139.79
AAPL,6346.6
MSFT,1789.56
AMZN,8211.55
META,6108.45
AAPL,8537.53
IBM,5227.22
MSFT,6583.14
NVDA,2039.92
IBM,3199.62
TSLA,6294.68
MSFT,7134.16
AAPL,1249.57
GOOG,1377.25
NVDA,971.59
MSFT,8939.69
ORCL,6220.53
ORCL,1382.81
ORCL,6942.93
ORCL,6482.18
NVDA,2226.3
NFLX,6823.79
META,8283.31
MSFT,3979.35
NVDA,213.07
NVDA,4746.12
IBM,8203.67
AMZN,1145.0
AMZN,5653.36
TSLA,8927.45
IBM,6483.02
MSFT,8934.67
IBM,4551.32
NFLX,7214.7
NFLX,8300.87
NVDA,7276.69
GOOG,5774.74
META,104.67
AMZN,8851.68
GOOG,2364.06
TSLA,4590.26
AMZN,49.75
AAPL,5505.53
NVDA,8067.45
AMZN,9392.15
GOOG,2393.04
IBM,1108.36
AAPL,4073.94
META,8237.88
IBM,1135.4
NFLX,2178.23
NFLX,6509.81
MSFT,9255.52
IBM,2380.18
GOOG,5489.6
AMZN,9120.48
MSFT,6586.87
NFLX,6531.34
MSFT,2356.63
AAPL,7216.89
IBM,8869.68
NFLX,794.66
IBM,4226.94
ORCL,5358.98
GOOG,2338.0
META,8724.65
NVDA,7388.56
ORCL,6993.59
GOOG,956.69
AAPL,7396.57
NVDA,8170.32
MSFT,2508.05
GOOG,6323.97
AMZN,7771.91
ORCL,941.49
AMZN,4934.12
AMZN,5453.69
ORCL,3674.9
META,9832.51
ORCL,1331.24
GOOG,2623.31
AMZN,8082.07
NVDA,8999.34
IBM,3270.39
ORCL,9490.0
ORCL,540.75
TSLA,1209.45
IBM,2309.7
GOOG,5904.76
NFLX,9699.95
IBM,3116.82
AMZN,3569.18
AMZN,8675.47
MSFT,3190.85
AMZN,4546.33
AMZN,1843.74
NFLX,8054.6
ORCL,4040.21
GOOG,5089.33
MSFT,1731.67
AAPL,181.84
ORCL,1091.88
AMZN,580.42
GOOG,8679.73
META,1571.61
AMZN,2655.06
MSFT,1701.59
META,5274.81
META,6707.14
TSLA,2245.52
TSLA,9298.46
META,2388.47
IBM,8210.41
AMZN,4959.36
TSLA,566.7
NVDA,1035.2
ORCL,319.51
MSFT,7667.18
MSFT,7695.17
META,7041.85
NVDA,8151.5
NFLX,2242.36
AMZN,6641.69
GOOG,9987.08
AAPL,6853.86
IBM,1323.83
IBM,5522.5
ORCL,5385.3
NVDA,7460.99
IBM,4096.84
AMZN,2838.66
TSLA,8311.44
META,668.7
NFLX,5237.08
TSLA,6997.35
TSLA,2003.09
ORCL,8860.63
AAPL,6189.87
TSLA,3312.88
NVDA,846.05
META,3317.17
NFLX,8367.95
AMZN,7314.47
AAPL,8647.27
NVDA,4187.66
GOOG,1724.77
TSLA,9028.23
IBM,1119.72
NFLX,8078.42
IBM,3272.13
NFLX,9973.12
TSLA,4883.25
META,1282.43
NFLX,705.4
TSLA,6428.62
TSLA,3506.93
MSFT,4817.38
MSFT,4645.45
TSLA,1361.37
AMZN,3102.13
IBM,4368.81
MSFT,1585.12
TSLA,8050.02
NFLX,1119.68
META,2064.61
IBM,5621.7
AAPL,4701.2
AAPL,2207.54
NFLX,4916.41
IBM,5505.52
AAPL,9434.32
ORCL,7592.7
ORCL,3038.51
GOOG,8229.7
IBM,4389.03
AAPL,6404.94
IBM,5319.33
GOOG,1132.19
ORCL,1914.67
AAPL,3321.08
AMZN,9480.7
NFLX,9203.4
NVDA,2414.16
MSFT,9156.24
MSFT,5456.02
AMZN,7489.0
IBM,6007.08
MSFT,5949.15
ORCL,2199.21
NVDA,8640.15
GOOG,9481.33
NVDA,9693.59
META,322.78
NFLX,8509.67
MSFT,1653.47
IBM,4447.66
TSLA,5607.18
MSFT,108.11
IBM,3540.07
NFLX,7234.21
NFLX,9152.25
META,7365.0
NFLX,9173.89
TSLA,5984.03
META,8547.59
AAPL,54.84
AMZN,1653.87
GOOG,7688.58
NFLX,9026.01
IBM,4743.17
TSLA,1888.88
AAPL,898.49
META,6489.29
AMZN,140.8
IBM,504.19
MSFT,8292.36
NVDA,9198.3
GOOG,3152.18
TSLA,6244.72
META,1920.56
AMZN,1665.24
META,6441.5
AMZN,3233.68
AAPL,1659.02
TSLA,3738.89
IBM,649.73
META,8107.74
NFLX,5980.4
AMZN,3759.16
TSLA,8270.12
TSLA,4772.59
NVDA,923.22
AMZN,1521.09
AAPL,7483.56
TSLA,199.9
TSLA,6344.31
AMZN,6393.41
NVDA,3783.77
AAPL,6080.94
AMZN,6107.09
AMZN,1805.18
ORCL,7347.85
ORCL,4260.58
NFLX,1298.22
GOOG,2072.8
NFLX,5277.65
NVDA,8459.4
NVDA,5211.57
AMZN,8853.68
AAPL,8073.47
NVDA,6665.26
MSFT,7907.93
META,8259.9
IBM,5459.58
GOOG,8868.02
NFLX,3342.24
META,6593.99
NVDA,6538.3
GOOG,6632.45
GOOG,7681.26
META,487.72
NFLX,8397.4
IBM,9231.22
NFLX,9361.59
NVDA,1824.43
GOOG,7227.61
GOOG,9885.71
AAPL,7979.03
GOOG,2536.2
MSFT,4555.53
AMZN,9610.5
MSFT,8970.01
IBM,4793.27
MSFT,9101.44
ORCL,6225.84
AMZN,4591.72
AMZN,8619.72
META,7662.91
ORCL,8836.64
AAPL,2524.75
TSLA,6158.45
NFLX,1802.18
ORCL,6263.91
AMZN,7039.99
TSLA,533.06
IBM,4351.82
AMZN,6708.84
AAPL,4954.99
MSFT,1905.64
AAPL,7575.46
MSFT,2940.45
AMZN,3026.61
MSFT,4005.27
META,6754.44
NVDA,5429.06
META,4479.47
TSLA,6773.09
TSLA,8440.69
ORCL,2713.82
NVDA,2350.57
NFLX,7858.27
IBM,4904.58
NFLX,3038.93
GOOG,5021.31
AAPL,4070.07
AMZN,7461.15
ORCL,2502.34
ORCL,4103.79
NFLX,2558.32
AMZN,7335.9
META,867.77
NVDA,6675.75
AMZN,3101.58
META,2201.67
NVDA,7969.74
MSFT,5794.46
MSFT,6572.09
AAPL,8680.59
NVDA,4024.99
GOOG,7328.88
IBM,88.37
ORCL,3138.84
GOOG,3075.03
META,1485.59
NVDA,7140.89
NVDA,9535.12
IBM,2199.98
MSFT,323.51
META,9294.67
META,3544.46
AAPL,8648.53
AMZN,9645.76
NFLX,6373.61
ORCL,2042.04
NFLX,9625.08
MSFT,1959.05
TSLA,115.43
IBM,5620.68
META,1275.32
GOOG,4103.25
NVDA,8963.17
AAPL,7108.0
NFLX,3467.01
NFLX,3099.57
NVDA,702.5
MSFT,7849.23
NFLX,5907.28
AMZN,5590.79
NFLX,7523.98
MSFT,1515.5
MSFT,6562.81
IBM,3340.69
ORCL,9843.29
NVDA,5578.11
META,1442.88
AMZN,5164.72
IBM,5953.68
AMZN,7043.31
TSLA,1738.18
AMZN,7456.28
TSLA,2663.06
NVDA,2507.51
AAPL,4741.02
ORCL,2703.17
NFLX,9674.67
AAPL,5581.85
ORCL,7808.69
IBM,7849.22
AMZN,8680.29
TSLA,703.62
TSLA,2238.52
AMZN,3431.43
GOOG,2963.54
META,631.48
TSLA,5562.85
ORCL,9402.91
META,3156.97
GOOG,5045.11
AMZN,6682.51
ORCL,3193.68
NVDA,5063.64
AMZN,2793.29
ORCL,2778.08
GOOG,9717.41
AMZN,3223.83
AAPL,9653.71
TSLA,6445.26
NVDA,7180.27
GOOG,6819.73
AAPL,8565.56
NFLX,8848.38
ORCL,6744.64
MSFT,9439.01
GOOG,2929.44
MSFT,2497.05
ORCL,9267.83
TSLA,5045.78
IBM,185.4
AAPL,111.27
GOOG,5640.83
AAPL,3860.48
NFLX,2775.37
GOOG,5181.98
AAPL,4869.79
MSFT,3074.73
AAPL,2279.2
MSFT,8959.13
NVDA,8102.47
TSLA,6886.09
ORCL,8047.11
IBM,6657.66
AAPL,1909.57
NFLX,2242.73
META,2307.14
NVDA,4305.78
MSFT,5079.44
META,6642.97
TSLA,6736.79
IBM,2023.91
NFLX,6367.14
AAPL,1330.8
AAPL,9935.65
GOOG,4840.31
AMZN,4992.21
TSLA,8222.03
IBM,8641.24
MSFT,3046.41
GOOG,3449.2
AMZN,3282.84
ORCL,4908.89
NVDA,1565.36
TSLA,5113.75
ORCL,6796.13
ORCL,7047.33
META,3639.13
MSFT,7159.03
MSFT,7116.72
META,124.21
AMZN,2948.96
TSLA,4602.27
NFLX,8609.36
AAPL,6825.14
IBM,3905.76
NFLX,9343.23
AMZN,3409.28
IBM,2671.85
GOOG,469.73
GOOG,7662.15
NVDA,6158.89
GOOG,7839.56
IBM,6353.91
TSLA,662.97
NFLX,6373.05
GOOG,9959.75
AAPL,8725.73
TSLA,2598.42
GOOG,9409.69
MSFT,1816.91
IBM,755.74
NVDA,3066.51
IBM,1754.4
IBM,3160.07
AAPL,2006.43
META,9948.76
NFLX,2302.42
META,254.93
AAPL,5051.48
AMZN,3561.61
TSLA,1191.83
ORCL,41.04
NVDA,3164.48
META,334.6
TSLA,2071.69
ORCL,1689.58
TSLA,7559.99
AMZN,260.23
TSLA,3883.07
IBM,9795.03
TSLA,7410.53
AMZN,294.25
GOOG,4729.41
ORCL,1888.3
AMZN,639.36
MSFT,277.75
IBM,7874.42
IBM,7931.68
NVDA,7236.2
NFLX,7248.92
IBM,1925.42
NFLX,1713.56
AMZN,5820.84
TSLA,2967.65
META,8386.31
NFLX,9732.07
TSLA,4661.65
NVDA,5517.68
ORCL,7204.49
IBM,9116.23
NFLX,814.05
TSLA,1362.41
IBM,1350.21
TSLA,6381.61
MSFT,3385.82
GOOG,6552.15
META,4255.28
AMZN,2539.3
GOOG,7369.01
NVDA,4448.67
IBM,5364.46
AAPL,8694.29
TSLA,5959.9
ORCL,9732.78
META,1365.87
META,2087.44
NFLX,5141.2
MSFT,5641.9
AMZN,7553.32
AMZN,7350.4
AAPL,8097.75
GOOG,2891.07
MSFT,3395.0
TSLA,7266.73
META,2341.44
IBM,7399.59
GOOG,8207.38
IBM,3065.25
NVDA,3331.44
META,3333.42
AAPL,8004.66
TSLA,2450.49
AMZN,328.86
NFLX,8234.29
MSFT,2786.83
TSLA,3443.83
ORCL,9824.19
IBM,4446.34
GOOG,1120.98
NVDA,5667.1
MSFT,8713.03
AMZN,6174.12
MSFT,933.58
IBM,1643.95
NVDA,3593.38
GOOG,2122.85
GOOG,8956.57
NFLX,5737.15
NVDA,1618.54
TSLA,4823.8
AMZN,6499.48
AAPL,8881.34
MSFT,6643.39
MSFT,5272.63
NFLX,5509.46
NFLX,8127.85
ORCL,1310.16
NVDA,5066.07
IBM,2131.38
IBM,730.09
NVDA,1640.05
NVDA,7267.81
META,8509.8
META,9477.09
NFLX,6725.58
META,2351.01
META,926.03
ORCL,27.45
TSLA,3722.0
NVDA,9205.79
AAPL,8082.87
GOOG,239.14
IBM,7267.12
NFLX,9088.64
TSLA,3639.78
AAPL,6303.4
AMZN,808.6
TSLA,5681.74
TSLA,4082.12
AAPL,912.19
META,33.18
ORCL,4196.88
NVDA,7442.63
TSLA,4443.77
NVDA,2310.46
META,5080.56
GOOG,3065.86
NFLX,7306.15
META,9659.43
ORCL,3992.1
AAPL,9510.2
GOOG,4130.59
META,9403.69
IBM,5829.85
NVDA,4285.06
NVDA,4470.89
AMZN,2910.84
IBM,6080.17
AMZN,284.61
META,6845.17
NVDA,4814.98
TSLA,9958.27
TSLA,5985.84
NFLX,6461.77
AMZN,591.02
NVDA,1761.07
GOOG,339.27
AAPL,220.1
META,2759.9
TSLA,9624.5
AAPL,134.78
GOOG,3961.41
GOOG,6551.03
NVDA,5539.42
IBM,7224.56
AMZN,2066.15
AMZN,5302.31
GOOG,637.33
META,8636.82
NVDA,1324.03
TSLA,693.1
META,1185.21
AMZN,5129.21
IBM,3522.81
IBM,3110.44
TSLA,3751.46
NFLX,6866.75
NVDA,3027.6
GOOG,8809.9
ORCL,1538.07
META,7441.25
GOOG,1739.72
ORCL,3556.04
MSFT,6959.84
AAPL,3472.09
ORCL,1275.27
GOOG,1864.46
IBM,9848.89
MSFT,5971.19
NVDA,9255.98
IBM,2419.7
META,5293.55
ORCL,1941.72
NFLX,1233.33
GOOG,3264.65
META,5929.32
MSFT,9343.02
IBM,8892.83
TSLA,3850.8
AAPL,7916.2
META,1520.18
NFLX,8386.08
NVDA,7406.84
MSFT,2759.39
ORCL,124.35
IBM,8526.31
AAPL,3652.47
AAPL,7422.56
ORCL,885.85
AMZN,6639.57
ORCL,6336.67
META,1446.96
TSLA,3320.27
AAPL,3102.05
NVDA,9153.52
MSFT,8282.72
GOOG,4792.58
AAPL,5644.8
NFLX,6984.69
NFLX,3013.28
AMZN,9043.85
MSFT,5363.5
NFLX,64.25
NFLX,1902.48
IBM,1226.0
AAPL,1747.67
TSLA,737.31
META,8118.85
NFLX,9248.39
IBM,4760.33
GOOG,1085.17
NVDA,9550.15
TSLA,410.66
NFLX,3924.66
NVDA,9486.01
NVDA,5031.29
AAPL,6602.33
IBM,4787.35
NFLX,6722.35
TSLA,6381.74
NVDA,5718.37
META,7533.21
NVDA,4725.54
META,5689.62
NFLX,9519.38
MSFT,24.06
MSFT,5334.5
ORCL,5019.72
AAPL,8115.93
MSFT,3223.35
MSFT,7197.11
NFLX,3942.34
MSFT,4393.19
IBM,8602.01
TSLA,6685.22
GOOG,6540.46
META,5188.26
ORCL,4602.62
NFLX,4556.52
TSLA,8507.75
GOOG,3834.05
TSLA,5310.3
GOOG,7189.47
AAPL,9893.31
AMZN,2779.79
ORCL,9613.92
META,3118.06
META,8779.28
AMZN,278.54
AAPL,8305.16
IBM,9820.27
META,288.96
GOOG,5092.3
META,451.68
ORCL,7603.33
META,8515.64
TSLA,914.55
META,1856.09
GOOG,8558.35
MSFT,1215.19
GOOG,3123.9
META,7470.97
META,3941.37
IBM,6675.92
IBM,4835.61
MSFT,7214.08
NVDA,7089.51
META,2022.13
TSLA,8956.41
TSLA,266.73
AMZN,3102.39
META,2847.84
NVDA,6907.03
AAPL,3836.3
ORCL,1011.71
TSLA,7848.16
AMZN,2527.78
IBM,3778.16
TSLA,7507.76
GOOG,4087.26
AAPL,3128.05
AMZN,2910.38
GOOG,4598.84
NVDA,6186.64
NFLX,1263.9
MSFT,5564.23
MSFT,9914.39
TSLA,2577.42
MSFT,8595.9
AAPL,462.57
MSFT,5426.32
ORCL,4721.89
META,9070.8
MSFT,8903.84
ORCL,8976.79
NFLX,2877.17
NVDA,7163.16
META,5894.81
IBM,2997.06
NFLX,2241.6
AMZN,595.34
GOOG,442.12
META,8925.63
AAPL,4507.79
META,1564.14
GOOG,6162.68
IBM,7720.14
META,7487.95
AAPL,1192.16
ORCL,7491.91
TSLA,1003.44
IBM,7470.51
IBM,4188.14
MSFT,943.99
IBM,3529.75
AAPL,241.85
IBM,2311.97
GOOG,135.59
ORCL,6596.44
MSFT,9138.42
META,6600.18
IBM,8902.01
AMZN,3708.09
TSLA,4517.14
TSLA,8311.39
TSLA,4079.82
NFLX,4701.74
ORCL,7897.53
TSLA,427.04
TSLA,4061.03
NFLX,5418.08
NVDA,593.92
ORCL,307.69
AAPL,1285.77
AAPL,5280.98
GOOG,4975.08
MSFT,2239.25
ORCL,1314.69
AMZN,2866.1
NVDA,9154.54
AAPL,1055.97
ORCL,9602.16
IBM,3508.63
TSLA,3853.02
NVDA,3426.51
NVDA,3596.21
GOOG,4278.29
NFLX,2062.16
GOOG,3422.67
NFLX,5021.16
NVDA,9847.24
IBM,4168.09
GOOG,6428.55
AMZN,7203.59
MSFT,3449.96
ORCL,4118.02
NVDA,9051.7
AAPL,9786.24
IBM,4256.75
TSLA,701.61
TSLA,1171.91
NFLX,5172.62
AMZN,4016.56
AAPL,9648.19
GOOG,8155.01
AMZN,1472.05
IBM,1443.49
MSFT,6114.76
GOOG,3018.8
TSLA,2731.68
NVDA,9162.54
TSLA,9058.2
ORCL,7386.79
MSFT,6816.04
ORCL,8650.62
TSLA,5694.33
META,7905.05
ORCL,7691.26
AAPL,9873.63
IBM,7910.7
TSLA,1865.62
META,3835.31
IBM,5313.98
ORCL,4078.36
MSFT,2838.55
ORCL,6672.21
IBM,713.09
ORCL,9481.76
ORCL,6391.95
NFLX,1234.46
AMZN,2000.74
IBM,7320.75
MSFT,2916.89
META,5061.8
AMZN,288.36
ORCL,801.81
NVDA,9870.88
TSLA,5714.62
IBM,5226.91
TSLA,9028.41
GOOG,3723.74
IBM,1947.35
AAPL,6300.33
TSLA,6102.5
AMZN,5619.35
NVDA,5289.11
NFLX,3208.27
GOOG,5932.58
IBM,4052.4
AAPL,879.43
NVDA,660.92
ORCL,2407.48
ORCL,7032.7
IBM,466.82
MSFT,2409.94
ORCL,7447.86
GOOG,6135.23
IBM,3899.19
META,1171.15
GOOG,4304.95
MSFT,9442.22
GOOG,2340.79
AMZN,7874.48
AAPL,9576.65
